iso3,country,region,income_2022,ofmsw_food_green_2022_tpy,ofmsw_food_green_2022_to_landfill_dump_uncollected_tpy,electricity_carbon_intensity_2022_gco2_kwh,ad_screen_avoided_ch4_tpy,ad_screen_avoided_grid_tco2e,ad_screen_process_tco2e,bio_cng_screen_avoided_ch4_tpy,bio_cng_screen_avoided_diesel_tco2e,bio_cng_screen_upgrading_electricity_tco2e,bio_cng_screen_process_tco2e,compost_screen_avoided_ch4_tpy,compost_screen_process_tco2e,prevention_screen_avoided_ch4_tpy,prevention_screen_avoided_upstream_tco2e,ad_screen_avoided_landfill_gwp20_tco2e,bio_cng_screen_avoided_landfill_gwp20_tco2e,compost_screen_avoided_landfill_gwp20_tco2e,prevention_screen_avoided_landfill_gwp20_tco2e,ad_screen_net_gwp20_benefit_tco2e,bio_cng_screen_net_gwp20_benefit_tco2e,compost_screen_net_gwp20_benefit_tco2e,prevention_screen_net_gwp20_benefit_tco2e,best_four_pathway_screen_gwp20,best_four_pathway_benefit_gwp20_tco2e
ASM,American Samoa,E. Asia & Pacific,HIC,3328.1634816019227,,611.11,,,,,,,,,,,,,,,,,,,,,
AUS,Australia,E. Asia & Pacific,HIC,10426256.10884469,6031474.910616664,577.86,139702.57385551007,264751.8313192633,179228.89585392055,139702.57385551007,393628.2587647215,62736.26565328102,179228.89585392055,139702.57385551007,82088.37353349279,36718.12549319711,951154.0692420434,11287967.967525214,11287967.967525214,11287967.967525214,2966824.5398503267,11373490.902990557,11439631.064782735,11205879.593991721,3917978.60909237,AD-bio-CNG,11439631.064782735
BRN,Brunei Darussalam,E. Asia & Pacific,HIC,130353.66129607394,115623.6975696176,892.86,1505.7969916043223,7841.931326776814,3435.827547499729,1505.7969916043223,7545.874835051595,1858.2439430161585,3435.827547499729,1505.7969916043223,1573.6385239224956,560.2965550155619,25813.662713216952,121668.39692162925,121668.39692162925,121668.39692162925,45271.961645257405,126074.50070090633,123920.20026616495,120094.75839770676,71085.62435847436,AD-electricity,126074.50070090633
KHM,Cambodia,E. Asia & Pacific,LMIC,2842464.2607145016,2558217.8346430515,300.0,25468.479776001936,58297.72282022344,76018.97788711906,25468.479776001936,166955.32132926435,13814.376307072482,76018.97788711906,25468.479776001936,34817.34472949193,12734.239888000968,767465.3503929155,2057853.1659009564,2057853.1659009564,2057853.1659009564,1028926.5829504782,2040131.9108340605,2134975.133036029,2023035.8211714644,1796391.9333433937,AD-bio-CNG,2134975.133036029
CHN,China,E. Asia & Pacific,UMIC,298046216.64775175,55913470.24311823,586.75,1107539.7410630456,2492082.179659843,1661502.316356404,1107539.7410630456,3649044.7625921513,590530.1159726931,1661502.316356404,1107539.7410630456,760982.330008839,553769.8705315228,16774041.07293547,89489211.07789408,89489211.07789408,89489211.07789408,44744605.53894704,90319790.94119751,90886223.40815713,88728228.74788524,61518646.61188251,AD-bio-CNG,90886223.40815713
FJI,Fiji,E. Asia & Pacific,UMIC,68160.0755843835,64445.351465034575,280.37,773.3442175804148,1372.5113741372834,1915.0322859943817,773.3442175804148,4205.855426507687,325.2337774245314,1915.0322859943817,773.3442175804148,877.1012334391206,386.6721087902073,19333.605439510367,62486.21278049752,62486.21278049752,62486.21278049752,31243.106390248748,61943.69186864042,64451.80214358629,61609.1115470584,50576.711829759115,AD-bio-CNG,64451.80214358629
PYF,French Polynesia,E. Asia & Pacific,HIC,40318.735022322566,24594.428363616764,436.62,196.75542690893417,815.7050898323165,730.8381954818904,196.75542690893417,1605.0903229396583,193.29154761820237,730.8381954818904,196.75542690893417,334.7301700288242,98.37771345446708,7378.32850908503,15897.83849424188,15897.83849424188,15897.83849424188,7948.91924712094,15982.705388592305,16578.799074081446,15563.108324213055,15327.24775620597,AD-bio-CNG,16578.799074081446
GUM,Guam,E. Asia & Pacific,HIC,39809.91978435249,,611.11,,,,,,,,,,,,,,,,,,,,,
HKG,"Hong Kong SAR, China",E. Asia & Pacific,HIC,1358875.0000000023,924035.0000000016,682.27,18532.38000000003,47889.19214242653,27458.25444600005,18532.38000000003,60304.70050491721,11347.94447010002,27458.25444600005,18532.38000000003,12576.116350000024,9188.453220678884,274884.9000000005,1497416.3040000023,1497416.3040000023,1497416.3040000023,742427.0202308538,1517847.2416964287,1518914.8055888193,1484840.1876500023,1017311.9202308543,AD-bio-CNG,1518914.8055888193
IDN,Indonesia,E. Asia & Pacific,UMIC,21263286.339401923,18718301.864652433,675.81,220895.6329041873,960912.5698775492,556225.5708892659,220895.6329041873,1221600.4674157323,227700.2804967137,556225.5708892659,220895.6329041873,254756.0883779196,110447.81645209366,5615490.55939573,17848367.138658334,17848367.138658334,17848367.138658334,8924183.569329167,18253054.13764662,18286041.754688088,17593611.050280415,14539674.128724895,AD-bio-CNG,18286041.754688088
JPN,Japan,E. Asia & Pacific,HIC,11417351.999999996,97335.11159574732,519.6,1926.3297666972285,3841.771120637303,2892.371242134589,1926.3297666972285,6352.3186387899,910.3558317327056,2892.371242134589,1926.3297666972285,1324.730868818121,963.1648833486124,29200.53347872414,155647.44514913607,155647.44514913607,155647.44514913607,77823.72257456789,156596.84502763877,158197.03671405866,154322.71428031794,107024.25605329203,AD-bio-CNG,158197.03671405866
KIR,Kiribati,E. Asia & Pacific,LMIC,9849.77293722219,9824.738110436265,500.0,99.40686356748172,373.1503049943988,291.9479877944799,99.40686356748172,641.1855495615468,88.42264299392639,291.9479877944799,99.40686356748172,133.71468568303757,49.703431783740854,2947.421433130879,8032.074576252523,8032.074576252523,8032.074576252523,4016.037288126261,8113.276893452443,8292.889495025664,7898.359890569485,6963.4587212571405,AD-bio-CNG,8292.889495025664
KOR,"Korea, Rep.",E. Asia & Pacific,HIC,5585735.843616004,571299.3494711564,438.06,11425.986989423129,19010.351296515648,16976.502949145095,11425.986989423129,37284.341143476224,4504.741074528026,16976.502949145095,11425.986989423129,7775.384146302438,5712.993494711565,171389.80484134695,923219.7487453888,923219.7487453888,923219.7487453888,461609.87437269447,925253.5970927594,939022.8458651919,915444.3645990863,632999.6792140414,AD-bio-CNG,939022.8458651919
LAO,Lao PDR,E. Asia & Pacific,LMIC,0.0,0.0,237.27,,0.0,0.0,,0.0,0.0,0.0,,0.0,,,,,,,,,,,,
MAC,"Macao SAR, China",E. Asia & Pacific,HIC,168354.8048,,448.98,,,,,,,,,,,,,,,,,,,,,
MYS,Malaysia,E. Asia & Pacific,UMIC,7380789.894609797,7357864.426734786,604.04,97086.57422269927,337606.10721998016,218643.3561590802,97086.57422269927,480191.5626681075,79999.99970984783,218643.3561590802,97086.57422269927,100140.53484786044,43688.95840021469,1986623.3952183928,7844595.197194101,7844595.197194101,7844595.197194101,3530067.8387373467,7963557.948255002,8026143.403993282,7744454.662346241,5516691.233955739,AD-bio-CNG,8026143.403993282
MHL,Marshall Islands,E. Asia & Pacific,UMIC,1657.69448161507,930.0003039742292,,10.01287906641312,,27.635517032776605,10.01287906641312,60.69401029251895,,27.635517032776605,10.01287906641312,12.65730413708926,5.006439533206561,279.0000911922688,809.0406285661801,809.0406285661801,809.0406285661801,404.5203142830901,,,796.3833244290909,683.520405475359,Composting,796.3833244290909
FSM,"Micronesia, Fed. Sts.",E. Asia & Pacific,LMIC,4883.7,4883.7,,46.00640748000001,,145.12207572,46.00640748000001,318.72176471222804,,145.12207572,46.00640748000001,66.46715699999999,23.003203740000004,1465.11,3717.3177243840005,3717.3177243840005,3717.3177243840005,1858.6588621920002,,,3650.8505673840004,3323.768862192,Composting,3650.8505673840004
MNG,Mongolia,E. Asia & Pacific,LMIC,485545.5847412329,442659.0012546843,814.19,4906.574560914229,27377.127453795347,13153.8778176837,4906.574560914229,28888.969028737505,6487.353580167925,13153.8778176837,4906.574560914229,6024.589007076253,2453.287280457115,132797.70037640532,396451.2245218697,396451.2245218697,396451.2245218697,198225.61226093487,410674.47415798134,405698.9621527556,390426.63551479345,331023.31263734016,AD-electricity,410674.47415798134
MMR,Myanmar,E. Asia & Pacific,LMIC,4690239.621902682,4174313.263493387,563.87,57897.75372453662,178795.60573205716,124042.22321266412,57897.75372453662,272425.5154498171,42367.86035794829,124042.22321266412,57897.75372453662,56812.403516145,7287.269140985935,315238.5950024051,4678138.500942559,4678138.500942559,4678138.500942559,588811.3465916635,4732891.883461952,4784153.932821764,4621326.097426414,904049.9415940687,AD-bio-CNG,4784153.932821764
NRU,Nauru,E. Asia & Pacific,HIC,75.25735075162699,75.25735075162699,750.0,0.8609440925986125,4.287488847597344,2.236317331995047,0.8609440925986125,4.911471965748444,1.0159742351469645,2.236317331995047,0.8609440925986125,1.0242525437296433,0.4304720462993062,22.577205225488097,69.56428268196788,69.56428268196788,69.56428268196788,34.78214134098394,71.61545419757017,71.2234630805743,68.54003013823824,57.35934656647204,AD-electricity,71.61545419757017
NCL,New Caledonia,E. Asia & Pacific,HIC,0.0,,566.34,,,,,,,,,,,,,,,,,,,,,
NZL,New Zealand,E. Asia & Pacific,HIC,531191.75,482322.109,103.12,6538.65280784,3778.0951232604793,14332.490862200402,6538.65280784,31477.476859799663,895.2670058414401,14332.490862200402,6538.65280784,6564.403903490001,1997.0597219877425,88387.57021200002,528323.1468734719,528323.1468734719,528323.1468734719,161362.42553660957,517768.75113453204,544572.8658652297,521758.7429699819,249749.9957486096,AD-bio-CNG,544572.8658652297
MNP,Northern Mariana Islands,E. Asia & Pacific,HIC,4535.104574473975,4532.459611956062,,54.38951534347274,,134.68475684504156,54.38951534347274,295.7989897023847,,134.68475684504156,54.38951534347274,61.686775318722006,27.194757671736372,1359.7378835868187,4394.672839752597,4394.672839752597,4394.672839752597,2197.336419876299,,,4332.986064433875,3557.0743034631178,Composting,4332.986064433875
PLW,Palau,E. Asia & Pacific,UMIC,6283.763119860084,5768.494544031557,,67.82229293940233,,171.41427647262415,67.82229293940233,376.46554063652496,,171.41427647262415,67.82229293940233,78.5092107442695,32.678013870802936,1667.619331820032,5480.0412695037085,5480.0412695037085,5480.0412695037085,2640.383520760877,,,5401.532058759439,4308.002852580909,Composting,5401.532058759439
PNG,Papua New Guinea,E. Asia & Pacific,LMIC,667707.2011297392,667707.2011297392,529.41,5670.970800635102,26851.65227368407,19841.32010589088,5670.970800635102,43576.14461476607,6362.835648301714,19841.32010589088,5670.970800635102,9087.49500737575,2835.485400317551,200312.1603389218,458214.4406913162,458214.4406913162,458214.4406913162,229107.2203456581,465224.77285910945,475586.4295518897,449126.94568394043,429419.3806845799,AD-bio-CNG,475586.4295518897
PHL,Philippines,E. Asia & Pacific,LMIC,9122960.672342671,9122960.672342671,602.51,93046.90048935736,417534.99026546185,271094.2501550659,93046.90048935736,595385.9010359584,98940.15062447728,271094.2501550659,93046.90048935736,124163.49475058376,46523.450244678694,2736888.201702802,7518189.559540074,7518189.559540074,7518189.559540074,3759094.779770038,7664630.29965047,7743541.05979649,7394026.064789491,6495982.9814728405,AD-bio-CNG,7743541.05979649
WSM,Samoa,E. Asia & Pacific,LMIC,12866.873209760346,12068.149188391262,375.0,118.08804044247113,343.7674495554168,358.6122940225594,118.08804044247113,787.5958404763816,81.46000702164102,358.6122940225594,118.08804044247113,164.24751045400507,43.50483692281817,2667.617451016866,9541.513667751668,9541.513667751668,9541.513667751668,3515.190823363708,9526.668823284524,9889.03720718385,9377.266157297663,6182.808274380574,AD-bio-CNG,9889.03720718385
SGP,Singapore,E. Asia & Pacific,HIC,250329.80665393485,12516.490332696743,504.22,214.53151450961332,479.3971527591567,371.93502013028336,214.53151450961332,816.8556395439213,113.59916559994237,371.93502013028336,214.53151450961332,170.34943342800267,84.33951706785085,2952.390708070343,17334.146372376756,17334.146372376756,17334.146372376756,6814.632979082348,17441.608505005628,17665.467826190452,17163.79693894875,9767.02368715269,AD-bio-CNG,17665.467826190452
SLB,Solomon Islands,E. Asia & Pacific,LMIC,142953.1341237937,142953.13412379374,636.36,1769.9944056261725,6910.180131195879,4247.938152369005,1769.9944056261725,9329.458234346775,1637.453815758313,4247.938152369005,1769.9944056261725,1945.5921554248328,884.9972028130862,42885.94023713812,143015.54797459472,143015.54797459472,143015.54797459472,71507.77398729736,145677.7899534216,146459.61424081417,141069.9558191699,114393.71422443548,AD-bio-CNG,146459.61424081417
TWN,"Taiwan, China",E. Asia & Pacific,HIC,2475615.222649922,52781.5718598915,639.23,965.4639779599856,2562.903666769691,1568.4360767597918,965.4639779599856,3444.649697456824,607.3121552399721,1568.4360767597918,965.4639779599856,718.3571930131234,396.2453525762223,12997.555390109068,78009.48941916684,78009.48941916684,78009.48941916684,32016.62448815876,79003.95700917674,79278.3908846239,77291.13222615371,45014.17987826782,AD-bio-CNG,79278.3908846239
THA,Thailand,E. Asia & Pacific,UMIC,17370307.23023531,11241714.788725393,560.29,116234.8077439388,478451.8608107861,334054.29997584823,116234.8077439388,733660.785030634,113375.16682154912,334054.29997584823,116234.8077439388,152999.7382745526,57223.2899662468,3320629.599131192,9391772.465710254,9391772.465710254,9391772.465710254,4623641.829272741,9536170.026545193,9678003.783943491,9238772.727435702,7944271.4284039335,AD-bio-CNG,9678003.783943491
TLS,Timor-Leste,E. Asia & Pacific,LMIC,118023.35579841454,118023.35579841454,666.67,1416.2802695809744,5976.840762552912,3507.134831563368,1416.2802695809744,7702.482183043564,1416.2873509823226,3507.134831563368,1416.2802695809744,1606.297872416422,708.1401347904872,35407.00673952437,114435.44578214272,114435.44578214272,114435.44578214272,57217.72289107136,116905.15171313226,117214.5057826406,112829.14790972629,92624.72963059573,AD-bio-CNG,117214.5057826406
TON,Tonga,E. Asia & Pacific,UMIC,3691.0085231525054,3355.1267475456275,625.0,48.37288130102747,159.28752439360483,99.69960437936686,48.37288130102747,218.96347396665237,37.74517590988831,99.69960437936686,48.37288130102747,45.663275034096,24.186440650513735,1006.5380242636884,3908.5288091230195,3908.5288091230195,3908.5288091230195,1954.2644045615098,3968.1167291372576,3990.0475028004166,3862.8655340889236,2960.802428825198,AD-bio-CNG,3990.0475028004166
TUV,Tuvalu,E. Asia & Pacific,UMIC,625.1651327389554,585.9638611742942,,6.012756403562522,,17.412267713110857,6.012756403562522,38.24138171694863,,17.412267713110857,6.012756403562522,7.974968150582144,3.0063782017812617,175.7891583522883,485.83071740785175,485.83071740785175,485.83071740785175,242.91535870392593,,,477.8557492572696,418.70451705621423,Composting,477.8557492572696
VUT,Vanuatu,E. Asia & Pacific,LMIC,14952.672477129294,14701.600760859512,500.0,117.61280608687612,558.3768998374871,436.8668875693969,117.61280608687612,959.4610927361996,132.31440684773565,436.8668875693969,117.61280608687612,200.0887863552979,58.80640304343806,4410.480228257854,9503.11473181959,9503.11473181959,9503.11473181959,4751.557365909795,9624.624744087681,9893.394530138658,9303.025945464293,9162.03759416765,AD-bio-CNG,9893.394530138658
VNM,Viet Nam,E. Asia & Pacific,LMIC,11589491.802357044,8373407.827202965,415.41,102798.79228690696,264223.8430733689,248820.83763003245,102798.79228690696,546468.3169198172,62611.152218970914,248820.83763003245,102798.79228690696,113962.08052823236,51399.39614345349,2512022.3481608895,8306142.416782082,8306142.416782082,8306142.416782082,4153071.2083910415,8321545.4222254185,8541178.743852897,8192180.33625385,6665093.556551931,AD-bio-CNG,8541178.743852897
ALB,Albania,Eur. & Cent. Asia,UMIC,446211.746173967,350707.7656085401,24.39,4060.162963750824,649.7555484375337,10421.491679717135,4060.162963750824,22888.01481520903,153.9677232574613,10421.491679717135,4060.162963750824,4773.132689932231,2030.081481875412,105212.32968256203,328061.1674710666,328061.1674710666,328061.1674710666,164030.5837355333,318289.43133978697,340373.72288330103,323288.03478113434,269242.9134180953,AD-bio-CNG,340373.72288330103
AND,Andorra,Eur. & Cent. Asia,HIC,8226.856689609853,205.6714172402463,,2.468057006882956,,6.111649566144264,2.468057006882956,13.422601112614668,,6.111649566144264,2.468057006882956,2.799187988639752,1.2340285034414782,61.70142517207391,199.41900615614284,199.41900615614284,199.41900615614284,99.70950307807144,,,196.6198181675031,161.41092825014533,Composting,196.6198181675031
ARM,Armenia,Eur. & Cent. Asia,UMIC,298311.3840000001,297714.7612320001,240.89,2919.204177304001,5447.684578137827,8846.772758865623,2919.204177304001,19429.56653372293,1290.8971589971768,8846.772758865623,2919.204177304001,4051.8979003675217,1198.9588585355718,73365.42330360001,235871.69752616328,235871.69752616328,235871.69752616328,96875.8757696742,232472.60934543549,245163.59414202344,231819.79962579574,170241.2990732742,AD-bio-CNG,245163.59414202344
AUT,Austria,Eur. & Cent. Asia,HIC,0.0,0.0,140.84,,0.0,0.0,,0.0,0.0,0.0,,0.0,,,,,,,,,,,,
AZE,Azerbaijan,Eur. & Cent. Asia,UMIC,1797294.9113208172,1532086.0742063175,671.39,16084.495403985162,78135.9411260094,45526.85694668526,16084.495403985162,99987.54576695274,18515.290848504836,45526.85694668526,16084.495403985162,20851.691469947986,8042.247701992581,459625.8222618953,1299627.228642001,1299627.228642001,1299627.228642001,649813.6143210005,1332236.3128213251,1335572.6266137636,1278775.537172053,1109439.436582896,AD-bio-CNG,1335572.6266137636
BLR,Belarus,Eur. & Cent. Asia,UMIC,0.0,0.0,439.22,,0.0,0.0,,0.0,0.0,0.0,,0.0,,,,,,,,,,,,
BEL,Belgium,Eur. & Cent. Asia,HIC,3098766.7395,35626.93037795307,139.4,480.76246743039064,377.2541212444422,1058.675612339102,480.76246743039064,2325.0973895490893,89.39509370435985,1058.675612339102,480.76246743039064,484.8825224439412,226.01361974600965,10049.251396263931,38845.60736837556,38845.60736837556,38845.60736837556,18261.900475477578,38164.1858772809,40022.634051881185,38360.72484593162,28311.15187174151,AD-bio-CNG,40022.634051881185
BIH,Bosnia and Herzegovina,Eur. & Cent. Asia,UMIC,0.0,0.0,683.18,,0.0,0.0,,0.0,0.0,0.0,,0.0,,,,,,,,,,,,
BGR,Bulgaria,Eur. & Cent. Asia,UMIC,772338.0725474465,502343.4529608504,476.33,7174.2938551184725,18176.13314599358,14927.437110803448,7174.2938551184725,32784.11692350396,4307.062625079153,14927.437110803448,7174.2938551184725,6836.894394797173,1540.9926235936127,64740.10441913512,579682.9434935725,579682.9434935725,579682.9434935725,124512.20398636391,582931.6395287627,593232.5606811938,572846.0490987754,189252.30840549903,AD-bio-CNG,593232.5606811938
CHI,Channel Islands,Eur. & Cent. Asia,HIC,0.0,0.0,,,,0.0,,0.0,,0.0,,0.0,,,,,,,,,,,,
HRV,Croatia,Eur. & Cent. Asia,HIC,682974.6546000001,412614.4708300344,244.68,8098.041949567804,7668.947079950136,12261.08656939697,8098.041949567804,26928.19220852032,1817.253157008471,12261.08656939697,8098.041949567804,5615.682947996768,3427.9451136774323,104797.16711197606,654321.7895250786,654321.7895250786,654321.7895250786,276977.96518513653,649729.6500356317,667171.6420071935,648706.1065770818,381775.1322971126,AD-bio-CNG,667171.6420071935
CYP,Cyprus,Eur. & Cent. Asia,HIC,255927.768,211961.35300637237,555.13,2543.536236076469,8938.079124036653,6298.558781396159,2543.536236076469,13833.097135569857,2117.9899060996954,6298.558781396159,2543.536236076469,2884.794014416728,1271.7681180382344,63588.40590191171,205517.72787497868,205517.72787497868,205517.72787497868,102758.86393748934,208157.24821761917,210934.27632305268,202632.93386056196,166347.26983940107,AD-bio-CNG,210934.27632305268
CZE,Czech Republic,Eur. & Cent. Asia,HIC,2189387.1870031357,994947.2555614308,488.36,19898.94511122862,36909.05768407738,29565.45466736126,19898.94511122862,64932.60132443176,8746.063951067648,29565.45466736126,19898.94511122862,13541.232148191071,9949.47255561431,298484.1766684293,1607834.7649872724,1607834.7649872724,1607834.7649872724,803917.3824936362,1615178.3680039886,1634455.8476932754,1594293.5328390815,1102401.5591620654,AD-bio-CNG,1634455.8476932754
DNK,Denmark,Eur. & Cent. Asia,HIC,2159383.0468753106,23497.616987983583,203.64,549.3593351784721,363.4793333711808,698.245787368125,549.3593351784721,1533.5098292159953,86.13098502179358,698.245787368125,549.3593351784721,319.80256720645656,135.44329023413917,3475.9703025490526,44388.23428242054,44388.23428242054,44388.23428242054,10943.817850918445,44053.46782842359,45137.367339246615,44068.43171521409,14419.788153467498,AD-bio-CNG,45137.367339246615
EST,Estonia,Eur. & Cent. Asia,HIC,158400.0,23545.945945946,487.7,282.55135135135197,872.2916440891764,699.6819113513529,282.55135135135197,1536.6638908431391,206.70044108108152,699.6819113513529,282.55135135135197,320.4603243243251,141.27567567567598,7063.7837837838,22830.149189189236,22830.149189189236,22830.149189189236,11415.074594594618,23002.75892192706,23460.43072759994,22509.68886486491,18478.85837837842,AD-bio-CNG,23460.43072759994
FRO,Faroe Islands,Eur. & Cent. Asia,HIC,0.0,0.0,354.17,,0.0,0.0,,0.0,0.0,0.0,,0.0,,,,,,,,,,,,
FIN,Finland,Eur. & Cent. Asia,HIC,931515.11756096,3416.6539312357486,129.97,69.69682121506506,33.731598688704,101.527921559029,69.69682121506506,222.9788828909288,7.993125205968784,101.527921559029,69.69682121506506,46.50066000411854,32.76197182672346,963.6277628048928,5631.503154177257,5631.503154177257,5631.503154177257,2647.1673235992557,5563.706831306932,5744.960990303188,5585.002494173138,3610.7950864041486,AD-bio-CNG,5744.960990303188
FRA,France,Eur. & Cent. Asia,HIC,9266871.022858456,2360639.575155856,78.55,48133.1134610945,14085.383858791462,70147.82135950137,48133.1134610945,154060.8987536496,3337.7082953128647,70147.82135950137,48133.1134610945,32128.304617871203,20541.30225141017,604456.3611175254,3889155.5676564355,3889155.5676564355,3889155.5676564355,1659737.2219139417,3833093.130155726,3969730.936755271,3857027.2630385645,2264193.583031467,AD-bio-CNG,3969730.936755271
GEO,Georgia,Eur. & Cent. Asia,UMIC,553306.6156381388,553306.6156381388,167.02,8316.419755687482,7019.83907369686,16441.83806765668,8316.419755687482,36110.09295475522,1663.438876989875,16441.83806765668,8316.419755687482,7530.50303883507,4158.209877843741,165991.9846914417,671966.7162595486,671966.7162595486,671966.7162595486,335983.3581297743,662544.7172655887,689971.5322696571,664436.2132207135,501975.342821216,AD-bio-CNG,689971.5322696571
DEU,Germany,Eur. & Cent. Asia,HIC,17636664.102796208,245569.7611447904,419.74,4911.395222895808,7829.752966100372,7297.252794274133,4911.395222895808,16026.461009486233,1855.3581277724577,7297.252794274133,4911.395222895808,3342.204449180597,2455.6976114479044,73670.92834343713,396840.7340099813,396840.7340099813,396840.7340099813,198420.36700499067,397373.2341818075,403714.5840974209,393498.5295608007,272091.2953484278,AD-bio-CNG,403714.5840974209
GIB,Gibraltar,Eur. & Cent. Asia,HIC,4646.384595128288,,571.43,,,,,,,,,,,,,,,,,,,,,
GRC,Greece,Eur. & Cent. Asia,HIC,2329954.4460773286,1810374.6046020845,376.81,21724.495255225014,51818.36224225302,53796.36760051371,21724.495255225014,118149.3107211701,12279.010585682008,53796.36760051371,21724.495255225014,24639.198368634377,10862.247627612507,543112.3813806254,1755339.216622181,1755339.216622181,1755339.216622181,877669.6083110905,1753361.2112639204,1807413.1491571555,1730700.0182535467,1420781.989691716,AD-bio-CNG,1807413.1491571555
GRL,Greenland,Eur. & Cent. Asia,HIC,0.0,0.0,111.11,,0.0,0.0,,0.0,0.0,0.0,,0.0,,,,,,,,,,,,
HUN,Hungary,Eur. & Cent. Asia,HIC,724708.2999999999,366137.127326,228.9,7322.7425465199985,6366.23075707507,10879.984420768486,7322.7425465199985,23894.971302088263,1508.5581920085854,10879.984420768486,7322.7425465199985,4983.1263029068605,3661.371273259999,109841.1381978,591677.5977588159,591677.5977588159,591677.5977588159,295838.79887940787,587163.8440951224,603184.026448127,586694.471455909,405679.93707720784,AD-bio-CNG,603184.026448127
ISL,Iceland,Eur. & Cent. Asia,HIC,0.0,0.0,27.68,,0.0,0.0,,0.0,0.0,0.0,,0.0,,,,,,,,,,,,
IRL,Ireland,Eur. & Cent. Asia,HIC,972147.9833193755,162543.1428109996,331.16,3683.758192863256,4088.832694593847,4830.06701451454,3683.758192863256,10607.948342157277,968.9001691192314,4830.06701451454,3683.758192863256,2212.2121736577046,982.335518096868,26006.902849759925,297647.6619833511,297647.6619833511,297647.6619833511,79372.70986222693,296906.42766343046,302456.64314187464,295435.4498096934,105379.61271198685,AD-bio-CNG,302456.64314187464
IMN,Isle of Man,Eur. & Cent. Asia,HIC,0.0,0.0,,,,0.0,,0.0,,0.0,,0.0,,,,,,,,,,,,
ITA,Italy,Eur. & Cent. Asia,HIC,10080804.57,2231202.563042074,377.84,37723.865620939185,64038.29297569434,66301.52288233305,37723.865620939185,145613.53447656817,15174.676375556712,66301.52288233305,37723.865620939185,30366.66688300263,18861.932810469592,669360.7689126222,3048088.342171886,3048088.342171886,3048088.342171886,1524044.171085943,3045825.1122652474,3112225.6773905642,3017721.6752888835,2193404.9399985652,AD-bio-CNG,3112225.6773905642
KAZ,Kazakhstan,Eur. & Cent. Asia,UMIC,1205519.0515353277,1071465.7267506146,831.01,12857.588721007372,67635.91156729012,31839.246949830565,12857.588721007372,69926.37698028663,16027.177204566511,31839.246949830565,12857.588721007372,14582.648541075863,6428.794360503686,321439.7180251844,1038893.1686573956,1038893.1686573956,1038893.1686573956,519446.5843286978,1074689.8332748553,1060953.1214832852,1024310.5201163198,840886.3023538822,AD-electricity,1074689.8332748553
XKX,Kosovo,Eur. & Cent. Asia,UMIC,210420.00000000003,204960.0000000001,945.01,2459.5200000000004,14712.901606120657,6090.509376000003,2459.5200000000004,13376.17234789571,3486.4064928000025,6090.509376000003,2459.5200000000004,2789.5056000000013,1229.7600000000002,61488.00000000002,198729.21600000001,198729.21600000001,198729.21600000001,99364.60800000001,207351.60823012068,202528.4724790957,195939.7104,160852.60800000004,AD-electricity,207351.60823012068
KGZ,Kyrgyz Republic,Eur. & Cent. Asia,LMIC,634065.9502176,634065.9502176,146.89,6264.571588149887,7074.886495385053,18841.650150286117,6264.571588149887,41380.637344081166,1676.4830536943389,18841.650150286117,6264.571588149887,8629.637582461535,3132.2857940749436,190219.78506528,506177.38432251086,506177.38432251086,506177.38432251086,253088.69216125543,494410.6206676098,527039.8884626115,497547.74674004933,443308.47722653544,AD-bio-CNG,527039.8884626115
LVA,Latvia,Eur. & Cent. Asia,HIC,288354.93693484546,151469.20250485567,135.19,3026.7325104471383,1555.4702918802957,4500.99823395329,3026.7325104471383,9885.23691502374,368.5881867593659,4500.99823395329,3026.7325104471383,2061.4958460910857,1513.3662552235692,45440.7607514567,244559.98684412878,244559.98684412878,244559.98684412878,122279.99342206439,241614.4589020558,249575.63733843988,242498.49099803768,167720.7541735211,AD-bio-CNG,249575.63733843988
LIE,Liechtenstein,Eur. & Cent. Asia,HIC,10502.1336,,,,,,,,,,,,,,,,,,,,,,,
LTU,Lithuania,Eur. & Cent. Asia,HIC,458579.4000000001,62550.23016000001,180.69,783.9437232,858.530728360061,1858.7176193424964,783.9437232,4082.175346510071,203.43961957698724,1858.7176193424964,783.9437232,851.3086324776001,339.7389656257324,16264.496952000003,63342.65283456,63342.65283456,63342.65283456,27450.90842255918,62342.46594357757,65362.670942150595,62491.3442020824,43715.40537455918,AD-bio-CNG,65362.670942150595
LUX,Luxembourg,Eur. & Cent. Asia,HIC,147067.63397839235,,140.5,,,,,,,,,,,,,,,,,,,,,
MDA,Moldova,Eur. & Cent. Asia,UMIC,432587.3863270952,406199.5557611424,647.28,4305.234891391715,19972.13285240708,12070.463519175804,4305.234891391715,26509.539741899454,4732.647272155301,12070.463519175804,4305.234891391715,5528.375953909148,1402.033731078223,79369.2553033285,347862.97922445054,347862.97922445054,347862.97922445054,113284.3254711204,355764.64855768176,357569.40817501885,342334.6032705414,192653.5807744489,AD-bio-CNG,357569.40817501885
MCO,Monaco,Eur. & Cent. Asia,HIC,0.0,,,,,,,,,,,,,,,,,,,,,,,
MNE,Montenegro,Eur. & Cent. Asia,UMIC,124907.6642607033,119652.80069702394,483.38,1501.46710381067,4393.436562270636,3555.554764392484,1501.46710381067,7808.823595002963,1041.0798744166937,3555.554764392484,1501.46710381067,1628.4746174864958,647.7830424450686,30973.328050628505,121318.54198790214,121318.54198790214,121318.54198790214,52340.86982956155,122156.4237857803,124530.73094409592,119690.06737041564,83314.19788019006,AD-bio-CNG,124530.73094409592
NLD,Netherlands,Eur. & Cent. Asia,HIC,2837429.9999999995,40001.99999999995,325.61,825.9999999999991,989.4007923015956,1188.6834311999985,825.9999999999991,2610.6247378050516,234.45092195999973,1188.6834311999985,825.9999999999991,544.4272199999994,372.7964601769909,10832.399999999989,66740.79999999993,66740.79999999993,66740.79999999993,30121.953982300864,66541.51736110152,67928.29038464498,66196.37277999993,40954.353982300854,AD-bio-CNG,67928.29038464498
MKD,North Macedonia,Eur. & Cent. Asia,UMIC,395506.4947055508,394319.97522143414,624.58,4209.771129645883,18708.0992478424,11717.454655690048,4209.771129645883,25734.250335577024,4433.11866222846,11717.454655690048,4209.771129645883,5366.694862763718,2104.8855648229414,118295.99256643024,340149.5072753873,340149.5072753873,340149.5072753873,170074.75363769365,347140.1518675396,349733.1842930458,334782.81241262355,288370.7462041239,AD-bio-CNG,349733.1842930458
NOR,Norway,Eur. & Cent. Asia,HIC,1349068.6536326169,48362.71420357193,29.64,1062.3159296786278,108.88841585190936,1437.127070187662,1062.3159296786278,3156.264638949071,25.8024752818897,1437.127070187662,1062.3159296786278,658.2165403106139,374.5515241757912,10231.040208748076,85835.12711803312,85835.12711803312,85835.12711803312,30263.76315340393,84506.88846369737,87528.46221151264,85176.9105777225,40494.803362152,AD-bio-CNG,87528.46221151264
POL,Poland,Eur. & Cent. Asia,HIC,4608423.59589,1755809.3900340905,732.48,36930.181907344704,97693.5637117726,52174.92951049703,36930.181907344704,114588.25629952004,23149.71471621907,52174.92951049703,36930.181907344704,23896.565798363972,15603.5417707933,445113.0822103966,2983958.698113452,2983958.698113452,2983958.698113452,1260766.1750800984,3029477.332314728,3023222.310186256,2960062.132315088,1705879.257290495,AD-electricity,3029477.332314728
PRT,Portugal,Eur. & Cent. Asia,HIC,2160428.335104,1274652.7177113595,225.34,25595.569210479836,21818.404058600092,37877.07029842368,25595.569210479836,83186.83858226385,5170.1443813634005,37877.07029842368,25595.569210479836,17348.023488051604,12113.528055301556,361950.335930196,2068121.9922067707,2068121.9922067707,2068121.9922067707,978773.0668683657,2052063.325966947,2108261.616109248,2050773.9687187192,1340723.4027985618,AD-bio-CNG,2108261.616109248
ROU,Romania,Eur. & Cent. Asia,HIC,3243655.8,2569672.824689526,297.77,30836.073896274316,58123.4770451905,76359.36978934408,30836.073896274316,167702.90095994872,13773.086586140404,76359.36978934408,30836.073896274316,34973.24714402445,15418.036948137158,770901.8474068579,2491554.7708189646,2491554.7708189646,2491554.7708189646,1245777.3854094823,2473318.878074811,2569125.2154034283,2456581.52367494,2016679.2328163402,AD-bio-CNG,2569125.2154034283
RUS,Russian Federation,Eur. & Cent. Asia,UMIC,18346960.000000004,16686239.999999998,436.33,263837.61600000004,553052.5178590692,495841.633344,263837.61600000004,1088983.3239576076,131052.7277856,495841.633344,263837.61600000004,227099.7264,112130.98680000004,4254991.2,21318079.372800004,21318079.372800004,21318079.372800004,9060183.733440002,21375290.257315073,21780168.335628014,21090979.646400005,13315174.933440004,AD-bio-CNG,21780168.335628014
SMR,San Marino,Eur. & Cent. Asia,HIC,0.0,,,,,,,,,,,,,,,,,,,,,,,
SRB,Serbia,Eur. & Cent. Asia,UMIC,1163047.0458371218,944856.5210031325,710.68,11338.278252037586,51007.351329765705,28076.978435520687,11338.278252037586,61663.56200707961,12086.831382237113,28076.978435520687,11338.278252037586,12859.497250852632,5669.139126018792,283456.9563009397,916132.8827646369,916132.8827646369,916132.8827646369,458066.4413823184,939063.255658882,937632.6349539587,903273.3855137842,741523.3976832582,AD-electricity,939063.255658882
SVK,Slovak Republic,Eur. & Cent. Asia,HIC,1493779.1611913927,587505.7130312454,142.05,7050.068556374945,6339.370670089651,17458.084766151274,7050.068556374945,38342.006600699126,1502.1933576495912,17458.084766151274,7050.068556374945,7995.95275435525,3525.0342781874724,176251.71390937362,569645.5393550955,569645.5393550955,569645.5393550955,284822.76967754774,558526.8252590338,589027.2678319938,561649.5866007402,461074.48358692136,AD-bio-CNG,589027.2678319938
SVN,Slovenia,Eur. & Cent. Asia,HIC,239576.67990000025,60910.83052865346,257.49,795.0082235515863,1191.3728600174857,1810.001875657255,795.0082235515863,3975.184265245589,282.3107355508136,1810.001875657255,795.0082235515863,828.9964034949736,262.45570185800096,12065.07880313581,64236.66446296817,64236.66446296817,64236.66446296817,21206.420710126476,63618.0354473284,66119.53611700569,63407.668059473195,33271.499513262286,AD-bio-CNG,66119.53611700569
ESP,Spain,Eur. & Cent. Asia,HIC,13999408.33484953,6920858.883168927,217.13,106778.96562603489,114149.1390901527,205657.4742286946,106778.96562603489,451671.5516038864,27049.06960744445,205657.4742286946,106778.96562603489,94192.8893999291,7627.068973288207,296608.23785009695,8627740.42258362,8627740.42258362,8627740.42258362,616267.1730416871,8536232.087445077,8846705.430351367,8533547.53318369,912875.4108917841,AD-bio-CNG,8846705.430351367
SWE,Sweden,Eur. & Cent. Asia,HIC,1568254.1966426868,25092.06714628299,41.03,301.1048057553959,78.20432502292748,745.6258304920868,301.1048057553959,1637.5674019986964,18.53149527021584,745.6258304920868,301.1048057553959,341.50303386091144,150.55240287769797,7527.620143884898,24329.26830503599,24329.26830503599,24329.26830503599,12164.634152517996,23661.84679956683,25202.678381272377,23987.765271175078,19692.254296402894,AD-bio-CNG,25202.678381272377
CHE,Switzerland,Eur. & Cent. Asia,HIC,2438533.795956426,,37.27,,,,,,,,,,,,,,,,,,,,,
TJK,Tajikistan,Eur. & Cent. Asia,LMIC,0.0,0.0,86.55,,0.0,0.0,,0.0,0.0,0.0,,0.0,,,,,,,,,,,,
TKM,Turkmenistan,Eur. & Cent. Asia,UMIC,139158.52244920068,137766.93722470867,1306.14,1102.1354977976694,13668.7105586242,4093.827199794553,1102.1354977976694,8990.994809521038,3238.9723329602584,4093.827199794553,1102.1354977976694,1875.008015628285,551.0677488988347,41330.0811674126,89052.54822205169,89052.54822205169,89052.54822205169,44526.27411102584,98627.43158088133,90710.74349881792,87177.54020642341,85856.35527843845,AD-electricity,98627.43158088133
TUR,Türkiye,Eur. & Cent. Asia,UMIC,16819598.6378,14745785.01403083,487.93,176949.42016836995,546535.319274341,438179.8491629345,176949.42016836995,962344.66116654,129508.39587412914,438179.8491629345,176949.42016836995,200690.1340409596,88474.71008418498,4423735.504209249,14297513.14960429,14297513.14960429,14297513.14960429,7148756.574802145,14405868.619715698,14692169.565733766,14096823.015563332,11572492.079011396,AD-bio-CNG,14692169.565733766
UKR,Ukraine,Eur. & Cent. Asia,LMIC,4911021.645978112,4544056.5470411,250.47,70905.60081684186,86455.4263730524,135029.36672925454,70905.60081684186,296555.8330006128,20486.69718007292,135029.36672925454,70905.60081684186,61844.60960522938,35452.80040842093,1363216.9641123302,5729172.546000822,5729172.546000822,5729172.546000822,2864586.273000411,5680598.60564462,5870212.315092107,5667327.936395593,4227803.237112742,AD-bio-CNG,5870212.315092107
GBR,United Kingdom,Eur. & Cent. Asia,HIC,11979505.89497371,1103312.4929270786,254.98,15263.96056881516,21369.65282296784,32785.5927148239,15263.96056881516,72004.77195052236,5063.807150037838,32785.5927148239,15263.96056881516,15016.08302873754,4131.445327292638,179177.94885135762,1233328.0139602649,1233328.0139602649,1233328.0139602649,333820.78244524513,1221912.074068409,1267483.3860459258,1218311.9309315274,512998.73129660275,AD-bio-CNG,1267483.3860459258
UZB,Uzbekistan,Eur. & Cent. Asia,LMIC,2794904.605,2649569.56554,1121.35,33432.11262689066,225688.44693563395,78733.54938176041,33432.11262689066,172917.15045083035,53479.70698172902,78733.54938176041,33432.11262689066,36060.6417869994,11415.843336011449,542838.642696,2701314.7002527653,2701314.7002527653,2701314.7002527653,922400.141549725,2848269.597806639,2742018.594340106,2665254.058465766,1465238.784245725,AD-electricity,2848269.597806639
ATG,Antigua and Barbuda,L. Amer. & the Caribbean,HIC,8473.042753654441,8473.042753654441,611.11,101.33759133370712,393.3250460896453,251.78154925049392,101.33759133370712,552.970726892909,93.2033008293438,251.78154925049392,101.33759133370712,115.31811187723692,50.668795666853555,2541.9128260963325,8188.077379763536,8188.077379763536,8188.077379763536,4094.038689881767,8329.620876602687,8396.063256576606,8072.759267886298,6635.951515978099,AD-bio-CNG,8396.063256576606
ARG,Argentina,L. Amer. & the Caribbean,UMIC,7546484.5,7546484.5,392.69,138946.95851333332,225106.13964806305,224248.31480820003,138946.95851333332,492501.3529114146,53341.72196949,224248.31480820003,138946.95851333332,102707.654045,61868.97383687772,2016135.9,11226914.247877331,11226914.247877331,11226914.247877331,4999013.086019719,11227772.072717195,11441825.564011056,11124206.59383233,7015148.986019719,AD-bio-CNG,11441825.564011056
ABW,Aruba,L. Amer. & the Caribbean,HIC,0.0,0.0,550.0,,0.0,0.0,,0.0,0.0,0.0,,0.0,,,,,,,,,,,,
BHS,"Bahamas, The",L. Amer. & the Caribbean,HIC,0.0,0.0,653.66,,0.0,0.0,,0.0,0.0,0.0,,0.0,,,,,,,,,,,,
BRB,Barbados,L. Amer. & the Caribbean,HIC,130012.8656508359,124552.3252935008,605.51,1860.0160611471183,5728.830512041319,3701.147077491553,1860.0160611471183,8128.578110153378,1357.518212792418,3701.147077491553,1860.0160611471183,1695.1571472445462,930.008030573559,37365.69758805024,150289.29774068715,150289.29774068715,150289.29774068715,75144.64887034356,152316.9811752369,153359.21056055656,148594.1405934426,112510.3464583938,AD-bio-CNG,153359.21056055656
BLZ,Belize,L. Amer. & the Caribbean,UMIC,45525.40345874397,45525.40345874397,170.21,364.2032276699518,588.6154930284565,1352.8146790186522,364.2032276699518,2971.095056945972,139.4798206088306,1352.8146790186522,364.2032276699518,619.6007410735053,182.1016138349759,13657.62103762319,29427.620795732102,29427.620795732102,29427.620795732102,14713.810397866051,28663.42160974191,30906.42135305059,28808.0200546586,28371.43143548924,AD-bio-CNG,30906.42135305059
BOL,Bolivia,L. Amer. & the Caribbean,LMIC,1799294.875,1744596.3108,485.86,26076.8207644,64387.10663049145,51841.72613320849,26076.8207644,113856.464338231,15257.332144175189,51841.72613320849,26076.8207644,23743.955789988,13038.4103822,523378.89324000006,2107007.1177635198,2107007.1177635198,2107007.1177635198,1053503.5588817599,2119552.4982608026,2153764.5238243667,2083263.1619735318,1576882.45212176,AD-bio-CNG,2153764.5238243667
BRA,Brazil,L. Amer. & the Caribbean,UMIC,37060612.217999995,36455168.41113391,103.39,623564.0318546997,286306.00577043154,1083287.2024378907,623564.0318546997,2379150.154366171,67843.79751648843,1083287.2024378907,623564.0318546997,496154.8420755325,311782.01592734986,10936550.523340171,50383973.77385973,50383973.77385973,50383973.77385973,25191986.886929866,49586992.57719227,51611992.928271525,49887818.9317842,36128537.410270035,AD-bio-CNG,51611992.928271525
VGB,British Virgin Islands,L. Amer. & the Caribbean,HIC,18294.716441987115,3611.377025648256,647.06,28.891016205186048,177.50483954684285,107.31423514335332,28.891016205186048,235.68697066892105,42.06199712788729,107.31423514335332,28.891016205186048,49.15084131907277,14.445508102593024,1083.4131076944768,2334.3941093790327,2334.3941093790327,2334.3941093790327,1167.1970546895163,2404.584713782522,2420.704847776713,2285.24326805996,2250.610162383993,AD-bio-CNG,2420.704847776713
CYM,Cayman Islands,L. Amer. & the Caribbean,HIC,0.0,0.0,642.86,,0.0,0.0,,0.0,0.0,0.0,,0.0,,,,,,,,,,,,
CHL,Chile,L. Amer. & the Caribbean,HIC,5003035.722279791,4871690.718998549,372.8,91783.75812366587,137958.48829020315,144765.21272947325,91783.75812366587,317938.01074828516,32690.993400767864,144765.21272947325,91783.75812366587,66303.71068557024,45891.879061832944,1461507.215699565,7416127.656392203,7416127.656392203,7416127.656392203,3708063.828196102,7409320.931952932,7556609.461010247,7349823.945706633,5169571.0438956665,AD-bio-CNG,7556609.461010247
COL,Colombia,L. Amer. & the Caribbean,UMIC,8876117.097379997,7374774.949379996,202.15,131021.2842191779,113244.03399736702,219145.8624857962,131021.2842191779,481295.1832057507,26834.593608309,219145.8624857962,131021.2842191779,100370.68706106172,65510.64210958895,2212432.484813999,10586519.764909575,10586519.764909575,10586519.764909575,5293259.882454787,10480617.936421145,10821834.49202122,10486149.077848513,7505692.367268786,AD-bio-CNG,10821834.49202122
CRI,Costa Rica,L. Amer. & the Caribbean,UMIC,859964.3293770495,777114.5525457509,24.12,8941.663554290742,1423.820230200104,23092.425197628516,8941.663554290742,50716.32605830317,337.39205413326323,23092.425197628516,8941.663554290742,10576.52906014767,4470.831777145372,233134.3657637253,722486.4151866919,722486.4151866919,722486.4151866919,361243.2075933461,700817.8102192634,749772.9239932332,711909.8861265442,594377.5733570714,AD-bio-CNG,749772.9239932332
CUB,Cuba,L. Amer. & the Caribbean,UMIC,3178327.33587099,2918259.5950309555,640.26,23346.07676024764,141929.6417070254,86717.83482210187,23346.07676024764,190452.49462838788,33632.007989661346,86717.83482210187,23346.07676024764,39717.5130883713,11673.03838012382,875477.8785092867,1886363.0022280093,1886363.0022280093,1886363.0022280093,943181.5011140046,1941574.809112933,1956465.6540446342,1846645.489139638,1818659.3796232913,AD-bio-CNG,1956465.6540446342
CUW,Curaçao,L. Amer. & the Caribbean,HIC,60694.29721937584,37878.140556145896,,584.2765099855538,,1125.5716735102092,584.2765099855538,2472.0166681148794,,1125.5716735102092,584.2765099855538,515.5214929691457,292.138254992777,11363.442166843772,47209.54200683275,47209.54200683275,47209.54200683275,23604.77100341638,,,46694.02051386361,34968.21317026015,Composting,46694.02051386361
DMA,Dominica,L. Amer. & the Caribbean,UMIC,0.0,,600.0,,,,,,,,,,,,,,,,,,,,,
DOM,Dominican Republic,L. Amer. & the Caribbean,UMIC,2652063.601394931,2492939.785311235,580.06,25955.394397859694,109844.29881337908,74079.20148439454,25955.394397859694,162695.12207869434,26028.98373361743,74079.20148439454,25955.394397859694,33928.91047808591,12977.697198929847,747881.9355933705,2097195.867347063,2097195.867347063,2097195.867347063,1048597.9336735315,2132960.964676047,2159782.8042077455,2063266.956868977,1796479.869266902,AD-bio-CNG,2159782.8042077455
ECU,Ecuador,L. Amer. & the Caribbean,UMIC,2973131.079,2952319.161447,181.19,28640.270490660405,40634.07185396799,87729.93527389449,28640.270490660405,192675.3021541276,9628.752759526476,87729.93527389449,28640.270490660405,40181.06378729367,6981.666927348652,431813.8487241,2314133.8556453604,2314133.8556453604,2314133.8556453604,564118.6877297711,2267037.9922254337,2409450.469766067,2273952.791858067,995932.536453871,AD-bio-CNG,2409450.469766067
SLV,El Salvador,L. Amer. & the Caribbean,UMIC,617672.8094838249,613596.1689412317,113.12,6672.348757168071,5272.4788930849345,18233.378317790062,6672.348757168071,40044.73120494948,1249.3799753513786,18233.378317790062,6672.348757168071,8351.043859290165,3336.174378584035,184078.85068236943,539125.7795791801,539125.7795791801,539125.7795791801,269562.88978959003,526164.8801544749,559687.752490988,530774.7357198899,453641.74047195946,AD-bio-CNG,559687.752490988
GRD,Grenada,L. Amer. & the Caribbean,UMIC,9214.0,9186.358,666.67,145.94975999999997,465.2079123015548,272.9781397848,145.94975999999997,599.5233599603362,110.23684718148002,272.9781397848,145.94975999999997,125.02633238,72.97487999999998,2755.9074,11792.740607999996,11792.740607999996,11792.740607999996,5896.370303999998,11984.970380516752,12009.048980994052,11667.714275619996,8652.277703999998,AD-bio-CNG,12009.048980994052
GTM,Guatemala,L. Amer. & the Caribbean,UMIC,3769255.923212073,3769255.923212073,191.4,42788.59324030345,54801.23847913023,112005.70131180069,42788.59324030345,245990.51938042263,12985.840506650233,112005.70131180069,42788.59324030345,51299.57311491631,21394.296620151727,1130776.7769636218,3457318.333816519,3457318.333816519,3457318.333816519,1728659.1669082595,3400113.870983849,3578317.311378491,3406018.760701603,2859435.9438718813,AD-bio-CNG,3578317.311378491
GUY,Guyana,L. Amer. & the Caribbean,HIC,130373.20831577366,130373.20831577366,648.44,1329.8067248208915,6421.714065774168,3874.118109028204,1329.8067248208915,8508.462646271946,1521.705657605045,3874.118109028204,1329.8067248208915,1774.3793651776796,664.9033624104458,39111.9624947321,107448.38336552803,107448.38336552803,107448.38336552803,53724.191682764016,109995.979322274,110561.02224516674,105674.00400035035,92836.15417749612,AD-bio-CNG,110561.02224516674
HTI,Haiti,L. Amer. & the Caribbean,LMIC,1691562.418123816,1691562.418123816,534.65,13532.499344990523,68698.99960562137,50265.792192000066,13532.499344990523,110395.34759000478,16279.08924329817,50265.792192000066,13532.499344990523,23022.164510665138,6766.2496724952625,507468.7254371448,1093425.9470752343,1093425.9470752343,1093425.9470752343,546712.9735376172,1111859.1544888557,1137276.413229941,1070403.782564569,1054181.698974762,AD-bio-CNG,1137276.413229941
HND,Honduras,L. Amer. & the Caribbean,LMIC,1979177.1515607685,1979177.1515607685,296.56,20082.72173867894,44585.13188693903,58812.436564919175,20082.72173867894,129165.76252095107,10565.005969203508,58812.436564919175,20082.72173867894,26936.601032742055,9871.16831223202,583689.5328331757,1622683.9164852584,1622683.9164852584,1622683.9164852584,797590.3996283471,1608456.6118072784,1682472.2364720867,1595747.3154525163,1381279.932461523,AD-bio-CNG,1682472.2364720867
JAM,Jamaica,L. Amer. & the Caribbean,UMIC,696947.8571522365,696947.8571522365,561.25,5575.582857217892,29713.20198046753,20710.223743993,5575.582857217892,45484.45869811139,7040.915726880469,20710.223743993,5575.582857217892,9485.46033584194,2787.791428608946,209084.35714567095,450507.0948632056,450507.0948632056,450507.0948632056,225253.5474316028,459510.0730996802,468240.4140904436,441021.6345273637,434337.90457727376,AD-bio-CNG,468240.4140904436
MEX,Mexico,L. Amer. & the Caribbean,UMIC,21421730.874147315,19551613.768834252,464.38,326048.4723917902,689682.0621114118,580987.9341091712,326048.4723917902,1275984.365004965,163428.81123548248,580987.9341091712,326048.4723917902,266097.4633938342,122778.6720792132,4417480.305183436,26344716.569256645,26344716.569256645,26344716.569256645,9920516.704000426,26453410.697258886,26876284.188916955,26078619.10586281,14337997.009183861,AD-bio-CNG,26876284.188916955
NIC,Nicaragua,L. Amer. & the Caribbean,LMIC,0.0,0.0,289.35,,0.0,0.0,,0.0,0.0,0.0,,0.0,,,,,,,,,,,,
PAN,Panama,L. Amer. & the Caribbean,HIC,678010.5753111525,678010.5753111525,168.98,7165.2157598882595,8702.911909461336,20147.49105171608,7165.2157598882595,44248.5670816642,2062.2640862894136,20147.49105171608,7165.2157598882595,9227.723929984786,3582.6078799441298,203403.17259334575,578949.4333989713,578949.4333989713,578949.4333989713,289474.71669948567,567504.8542567167,600988.2453426301,569721.7094689866,492877.8892928314,AD-bio-CNG,600988.2453426301
PRY,Paraguay,L. Amer. & the Caribbean,UMIC,0.0,0.0,24.71,,0.0,0.0,,0.0,0.0,0.0,,0.0,,,,,,,,,,,,
PER,Peru,L. Amer. & the Caribbean,UMIC,5597637.570175758,5499678.912697682,287.81,68517.74115390179,120236.41766045376,163426.25869815925,68517.74115390179,358921.99938686506,28491.52658154336,163426.25869815925,68517.74115390179,74850.63000181546,28178.83363229445,1357089.721599389,5536233.4852352645,5536233.4852352645,5536233.4852352645,2276849.7574893916,5493043.644197559,5703237.699342427,5461382.8552334495,3633939.4790887805,AD-bio-CNG,5703237.699342427
PRI,Puerto Rico,L. Amer. & the Caribbean,HIC,905459.6580748332,778695.3059443566,660.3,7525.887581150084,39057.2505774223,23139.398233320124,7525.887581150084,50819.48974828791,9255.105189271057,23139.398233320124,7525.887581150084,10598.043113902691,1413.822811487733,87772.01425384368,608091.7165569267,608091.7165569267,608091.7165569267,114236.88316820882,624009.568901029,626516.7028826235,597493.673443024,202008.8974220525,AD-bio-CNG,626516.7028826235
SXM,Sint Maarten (Dutch),L. Amer. & the Caribbean,HIC,7119.31913737056,6407.387223633505,,58.77858780605551,,190.39935578260375,58.77858780605551,418.1611817087564,,190.39935578260375,58.77858780605551,87.20454011365199,16.455443427185475,1076.2735401789614,4749.309894729286,4749.309894729286,4749.309894729286,1329.5998289165864,,,4662.105354615634,2405.873369095548,Composting,4662.105354615634
KNA,St. Kitts and Nevis,L. Amer. & the Caribbean,HIC,8976.0,,636.36,,,,,,,,,,,,,,,,,,,,,
LCA,St. Lucia,L. Amer. & the Caribbean,UMIC,43303.7825,,650.0,,,,,,,,,,,,,,,,,,,,,
MAF,St. Martin (French),L. Amer. & the Caribbean,HIC,4182.146212026117,,,,,,,,,,,,,,,,,,,,,,,
VCT,St. Vincent and the Grenadines,L. Amer. & the Caribbean,UMIC,9805.068,9802.51468638419,600.0,117.63017623661024,446.7674928923568,291.28760541471803,117.63017623661024,639.7351965644697,105.86715861294924,291.28760541471803,117.63017623661024,133.4122248816888,58.81508811830512,2940.754405915257,9504.518239918107,9504.518239918107,9504.518239918107,4752.259119959053,9659.998127395746,9747.09867245491,9371.106015036417,7693.01352587431,AD-bio-CNG,9747.09867245491
SUR,Suriname,L. Amer. & the Caribbean,UMIC,79800.0,75810.0,374.41,606.48,2156.089329715974,2252.739636,606.48,4947.539157367161,510.9123978,2252.739636,606.48,1031.7741,303.24,22743.0,49003.584,49003.584,49003.584,24501.792,48906.933693715975,51187.471123567164,47971.8099,47244.792,AD-bio-CNG,51187.471123567164
TTO,Trinidad and Tobago,L. Amer. & the Caribbean,HIC,255454.9146560755,,682.11,,,,,,,,,,,,,,,,,,,,,
TCA,Turks and Caicos Islands,L. Amer. & the Caribbean,HIC,3875.975217703568,,653.85,,,,,,,,,,,,,,,,,,,,,
URY,Uruguay,L. Amer. & the Caribbean,HIC,512022.4423262926,512020.9919311552,110.36,9310.845705290969,4292.321784138352,15215.010987829435,9310.845705290969,33415.69591047838,1017.1194600514012,15215.010987829435,9310.845705290969,6968.605700183022,4655.422852645483,153606.29757934654,752316.3329875102,752316.3329875102,752316.3329875102,376158.166493755,741393.6437838192,769499.8984501078,745347.7272873272,529764.4640731015,AD-bio-CNG,769499.8984501078
VEN,"Venezuela, RB",L. Amer. & the Caribbean,UMC (2019),4140950.479679504,4140950.479679504,180.43,46065.58951614667,56754.66964117928,123050.82807396428,46065.58951614667,270248.18159784557,13448.730510874311,123050.82807396428,46065.58951614667,56358.33602843805,23032.794758073334,1242285.1439038513,3722099.6329046506,3722099.6329046506,3722099.6329046506,1861049.8164523253,3655803.4744718657,3855848.2559176576,3665741.2968762126,3103334.960356177,AD-bio-CNG,3855848.2559176576
VIR,Virgin Islands (US),L. Amer. & the Caribbean,HIC,16679.19689738615,,632.35,,,,,,,,,,,,,,,,,,,,,
DZA,Algeria,Mid. East & N. Africa,LMIC,7659125.300433826,7046395.276399119,633.65,75978.52298030355,339163.61457402277,209387.8634753657,75978.52298030355,459864.35230539035,80369.07060402543,209387.8634753657,75978.52298030355,95901.43971179202,37989.26149015177,2113918.582919736,6139064.656808526,6139064.656808526,6139064.656808526,3069532.328404263,6268840.407907183,6309172.075034525,6043163.217096734,5183450.911323999,AD-bio-CNG,6309172.075034525
BHR,Bahrain,Mid. East & N. Africa,HIC,645094.53934854,456221.332493,902.75,5474.655989916001,31284.981300569507,13556.890627828992,5474.655989916001,29774.07870907982,7413.368542345004,13556.890627828992,5474.655989916001,6209.172335229731,2737.3279949580005,136866.39974790002,442352.2039852129,442352.2039852129,442352.2039852129,221176.10199260645,460080.2946579534,451156.0235241187,436143.03164998314,358042.5017405065,AD-electricity,460080.2946579534
DJI,Djibouti,Mid. East & N. Africa,LMIC,0.0,0.0,450.0,,0.0,0.0,,0.0,0.0,0.0,,0.0,,,,,,,,,,,,
EGY,"Egypt, Arab Rep.",Mid. East & N. Africa,LMIC,15096331.315863367,12152546.70927001,570.04,109901.2919794853,526217.6907489377,361120.2169939839,109901.2919794853,793103.8214727187,124693.87907074098,361120.2169939839,109901.2919794853,165396.1607131648,54950.64598974265,3645764.012781003,8880024.391942412,8880024.391942412,8880024.391942412,4440012.195971206,9045121.865697365,9187314.117350407,8714628.231229248,8085776.208752209,AD-bio-CNG,9187314.117350407
IRN,"Iran, Islamic Rep.",Mid. East & N. Africa,LMIC,14734412.942618882,12981017.802447235,655.37,130429.02336806234,646231.49016977,385738.7326104011,130429.02336806234,847171.7963340975,153132.65346941722,385738.7326104011,130429.02336806234,176671.65229130688,65214.51168403117,3894305.3407341703,10538665.088139437,10538665.088139437,10538665.088139437,5269332.544069719,10799157.845698806,10846965.498393716,10361993.43584813,9163637.88480389,AD-bio-CNG,10846965.498393716
IRQ,Iraq,Mid. East & N. Africa,UMIC,12461687.004741486,12453870.715142358,688.71,129449.0962230432,651528.7069786683,370074.24062288424,129449.0962230432,812768.9358126235,154387.89540406247,370074.24062288424,129449.0962230432,169497.1804330875,63853.43624837089,3685877.1345206434,10459486.97482189,10459486.97482189,10459486.97482189,5159357.648868368,10740941.441177674,10747793.774607567,10289989.794388803,8845234.783389011,AD-bio-CNG,10747793.774607567
ISR,Israel,Mid. East & N. Africa,HIC,2661537.4599999995,2015975.8800000008,583.32,24191.710560000007,89327.46570054756,59905.93285972803,24191.710560000007,131567.33421194734,21167.262905788815,59905.93285972803,24191.710560000007,27437.431726800012,12095.855280000003,604792.7640000003,1954690.2132480005,1954690.2132480005,1954690.2132480005,977345.1066240002,1984111.74608882,2005184.351694431,1927252.7815212004,1582137.8706240007,AD-bio-CNG,2005184.351694431
JOR,Jordan,Mid. East & N. Africa,LMIC,1959796.4782118923,1822610.72473706,539.21,18461.282824756025,74652.55451713059,54159.97125199658,18461.282824756025,118947.86874124712,17689.858719938464,54159.97125199658,18461.282824756025,24805.731963671387,9053.12907752459,536268.155547635,1491671.6522402868,1491671.6522402868,1491671.6522402868,731492.8294639869,1512164.2355054207,1538769.6910095988,1466865.9202766155,1267760.9850116218,AD-bio-CNG,1538769.6910095988
KWT,Kuwait,Mid. East & N. Africa,HIC,1662001.376662524,1662001.376662524,636.89,19944.016519950284,80406.03065217675,49387.3681083529,19944.016519950284,108466.1243983111,19053.21702208671,49387.3681083529,19944.016519950284,22619.83873637695,9972.008259975142,498600.41299875727,1611476.534811983,1611476.534811983,1611476.534811983,805738.2674059914,1642495.1973558068,1651502.0740798544,1588856.696075606,1304338.6804047488,AD-bio-CNG,1651502.0740798544
LBN,Lebanon,Mid. East & N. Africa,LMIC,1457668.7706118536,1457668.7706118536,379.86,15043.141712714329,42060.57711628821,43315.502119993595,15043.141712714329,95130.89725726678,9966.781065683135,43315.502119993595,15043.141712714329,19838.871968027328,7521.570856357166,437300.6311835562,1215485.8503873176,1215485.8503873176,1215485.8503873176,607742.925193659,1214230.9253836123,1257334.4644589077,1195646.9784192902,1045043.5563772153,AD-bio-CNG,1257334.4644589077
LBY,Libya,Mid. East & N. Africa,UMIC,2890891.722595346,2890891.722595346,830.53,26943.110854588624,182381.15598413823,85904.58207195428,26943.110854588624,188666.40281294132,43217.50144260804,85904.58207195428,26943.110854588624,39345.03634452266,13471.555427294312,867267.5167786039,2177003.3570507606,2177003.3570507606,2177003.3570507606,1088501.6785253803,2273479.9309629444,2236547.67634914,2137658.320706238,1955769.1953039842,AD-electricity,2273479.9309629444
MLT,Malta,Mid. East & N. Africa,HIC,112342.056582,97319.62398370232,500.0,1179.503235638986,3696.2661969466153,2891.9110184501046,1179.503235638986,6351.307880749446,875.8766158533208,2891.9110184501046,1179.503235638986,1324.5200824181884,572.0751388112795,28320.806107518827,95303.86143963007,95303.86143963007,95303.86143963007,46223.671215951385,96108.21661812658,97887.38168607609,93979.34135721187,74544.47732347022,AD-bio-CNG,97887.38168607609
MAR,Morocco,Mid. East & N. Africa,LMIC,5262285.850885011,4836040.696963325,662.64,61842.38331960066,243422.32674384952,143705.8509346834,61842.38331960066,315611.40634279425,57681.972133844014,143705.8509346834,61842.38331960066,65818.51388567085,30921.19165980033,1450812.2090889977,4996864.572223733,4996864.572223733,4996864.572223733,2498432.2861118666,5096581.048032899,5111088.155498,4931046.058338062,3949244.495200864,AD-bio-CNG,5111088.155498
OMN,Oman,Mid. East & N. Africa,HIC,1249413.1112073,619708.9031588208,545.28,10189.237268917212,25668.47800966731,18415.02188270626,10189.237268917212,40443.66263747949,6082.4676728599525,18415.02188270626,10189.237268917212,8434.238171991552,4672.42757473249,170506.08741399169,823290.3713285107,823290.3713285107,823290.3713285107,377532.1480383852,830543.8274554719,839236.5444104241,814856.1331565192,548038.2354523769,AD-bio-CNG,839236.5444104241
QAT,Qatar,Mid. East & N. Africa,HIC,757087.7446213181,754715.9618651386,596.9,9056.591542381662,34219.83633552718,22426.837636399716,9056.591542381662,49254.54127447296,8108.819237471424,22426.837636399716,9056.591542381662,10271.684240984538,4528.295771190831,226414.7885595416,731772.5966244383,731772.5966244383,731772.5966244383,365886.29831221915,743565.5953235658,750491.4810250401,721500.9123834538,592301.0868717608,AD-bio-CNG,750491.4810250401
SAU,Saudi Arabia,Mid. East & N. Africa,HIC,8677370.581836307,8332555.726510289,700.05,161287.3521630879,443098.3172944809,247606.89294668916,161287.3521630879,543802.2126085429,104997.70145418352,247606.89294668916,161287.3521630879,113406.08343780503,80643.67608154393,2499766.7179530864,13032018.054777501,13032018.054777501,13032018.054777501,6516009.02738875,13227509.479125293,13223215.672985172,12918611.971339697,9015775.745341836,AD-electricity,13227509.479125293
SYR,Syrian Arab Republic,Mid. East & N. Africa,LIC,2395863.530646965,2328120.489317922,682.27,19958.98072840761,120657.56107037698,69181.49721237565,19958.98072840761,151938.62661877344,28591.321792444895,69181.49721237565,19958.98072840761,31685.71985961692,9979.490364203804,698436.1467953767,1612685.6428553348,1612685.6428553348,1612685.6428553348,806342.8214276674,1664161.706713336,1666851.4504692876,1580999.922995718,1504778.9682230442,AD-bio-CNG,1666851.4504692876
TUN,Tunisia,Mid. East & N. Africa,LMIC,1863952.9285719893,1696197.1650005102,565.62,18788.645520005648,72877.57355745685,50403.516476289165,18788.645520005648,110697.82208752396,17269.254728416596,50403.516476289165,18788.645520005648,23085.243415656943,9394.322760002826,508859.1495001532,1518122.5580164562,1518122.5580164562,1518122.5580164562,759061.2790082283,1540596.615097624,1561147.6088992744,1495037.3146007992,1267920.4285083816,AD-bio-CNG,1561147.6088992744
ARE,United Arab Emirates,Mid. East & N. Africa,HIC,1275486.1147556256,1153671.390621407,558.49,13844.056687456885,48942.97204373364,34282.03757514949,13844.056687456885,75291.3122257438,11597.650829066692,34282.03757514949,13844.056687456885,15701.46762635735,6922.0283437284415,346101.4171864221,1118599.7803465163,1118599.7803465163,1118599.7803465163,559299.890173258,1133260.7148151004,1148011.404168044,1102898.3127201588,905401.3073596801,AD-bio-CNG,1148011.404168044
PSE,West Bank and Gaza,Mid. East & N. Africa,UMIC,788862.1469550496,767089.5516990903,460.78,8023.674669109201,26849.271209848925,22794.526282469487,8023.674669109201,50062.070890891315,6362.271425374323,22794.526282469487,8023.674669109201,10440.08879862462,4011.8373345546006,230126.86550972713,648312.9132640235,648312.9132640235,648312.9132640235,324156.45663201174,652367.6581914029,669218.186447071,637872.8244653989,554283.3221417388,AD-bio-CNG,669218.186447071
YEM,"Yemen, Rep.",Mid. East & N. Africa,LIC,3746712.786364822,3746712.786364822,584.16,32626.37494366487,166255.12126928355,111335.81847450252,32626.37494366487,244519.30117330415,39396.23534309174,111335.81847450252,32626.37494366487,50992.761022425235,16313.187471832434,1124013.8359094467,2636211.0954481214,2636211.0954481214,2636211.0954481214,1318105.5477240607,2691130.3982429025,2729998.3428038317,2585218.334425696,2442119.3836335074,AD-bio-CNG,2729998.3428038317
BMU,Bermuda,N. Amer.,HIC,17857.000415299935,2446.1644404520457,650.79,29.353973285424548,120.92590145853887,72.68924404669681,29.353973285424548,159.64245290193412,28.654908411632164,72.68924404669681,29.353973285424548,33.292298034552346,14.676986642712274,733.8493321356137,2371.8010414623036,2371.8010414623036,2371.8010414623036,1185.9005207311518,2420.037698874146,2430.0993419059087,2338.508743427751,1919.7498528667657,AD-bio-CNG,2430.0993419059087
CAN,Canada,N. Amer.,HIC,9573913.640211128,5987670.607226044,160.6,74703.26181105523,73045.96921796729,177927.22469608622,74703.26181105523,390769.48675197543,17309.158191369046,177927.22469608622,74703.26181105523,81492.19696434645,32905.09737305486,1582460.09284211,6036023.554333262,6036023.554333262,6036023.554333262,2658731.8677428323,5931142.298855144,6231556.658197783,5954531.357368915,4241191.960584942,AD-bio-CNG,6231556.658197783
USA,United States,N. Amer.,HIC,92559872.90698656,45446897.5973304,410.39,1017722.810686014,1416751.9709542491,1350481.8302432313,1017722.810686014,2965971.57952312,335717.14148943155,1350481.8302432313,1017722.810686014,618532.2762996666,326154.4912584259,8738750.635925846,82232003.10342993,82232003.10342993,82232003.10342993,26353282.89368081,82298273.24414095,83511775.71122038,81613470.82713026,35092033.529606655,AD-bio-CNG,83511775.71122038
AFG,Afghanistan,S. Asia,LIC,1773343.562656199,1133166.5365373115,125.0,10840.701225777586,10759.61094243275,33672.72353312813,10840.701225777586,73953.11715257188,2549.624707208951,33672.72353312813,10840.701225777586,15422.396562272812,5212.5288751043,326915.9348082113,875928.659042829,875928.659042829,875928.659042829,421172.3331084274,853015.5464521336,913659.4279550638,860506.2624805561,748088.2679166386,AD-bio-CNG,913659.4279550638
BGD,Bangladesh,S. Asia,LMIC,7430088.360427992,5601072.621625495,676.48,64831.55048531499,287818.6812138868,166439.2335951746,64831.55048531499,365539.1916468709,68202.24492738988,166439.2335951746,64831.55048531499,76230.59838032299,26575.965648260502,1377606.2346629996,5238389.279213451,5238389.279213451,5238389.279213451,2147338.0243794485,5359768.726832163,5369286.992337758,5162158.680833128,3524944.2590424484,AD-bio-CNG,5369286.992337758
BTN,Bhutan,S. Asia,LMIC,26896.37611026181,20514.71321452968,24.14,211.9526417353616,37.617985082308046,609.6070119976782,211.9526417353616,1338.8385032455233,8.914053185977437,609.6070119976782,211.9526417353616,279.20524684974896,104.32945546196147,6058.774755831996,17125.773452217218,17125.773452217218,17125.773452217218,8429.820001326487,16553.784425301845,17846.090890279083,16846.56820536747,14488.594757158484,AD-bio-CNG,17846.090890279083
IND,India,S. Asia,LMIC,94401898.86867614,47295351.33320674,705.75,550174.2666066446,2535491.4873683867,1405409.7420770384,550174.2666066446,3086606.0240400676,600816.4956613919,1405409.7420770384,550174.2666066446,643689.7316449437,275087.1333033222,14188605.39996202,44454080.741816886,44454080.741816886,44454080.741816886,22227040.37090843,45584162.48710824,45534460.52811852,43810391.01017194,36415645.77087045,AD-electricity,45584162.48710824
MDV,Maldives,S. Asia,UMIC,141650.4740499853,141650.4740499853,611.77,1166.4632402439345,6582.623600388583,4209.228826679743,1166.4632402439345,9244.443569739124,1559.835189172071,4209.228826679743,1166.4632402439345,1927.8629518202997,531.8782048389987,38753.45433253972,94250.2298117099,94250.2298117099,94250.2298117099,42975.7589509911,96623.62458541874,97725.6093655972,92322.3668598896,81729.21328353081,AD-bio-CNG,97725.6093655972
NPL,Nepal,S. Asia,LMIC,1092210.4744194043,1092210.4744194043,23.36,11459.472297608392,1938.0812928899525,32455.68957365725,11459.472297608392,71280.2280738236,459.2526602838713,32455.68957365725,11459.472297608392,14864.984556848092,5729.736148804194,327663.1423258212,925925.361646758,925925.361646758,925925.361646758,462962.6808233789,895407.7533659907,964290.6474866406,911060.37708991,790625.8231492001,AD-bio-CNG,964290.6474866406
PAK,Pakistan,S. Asia,LMIC,27625600.0,,,,,,,,,,,,,,,,,,,,,,,
LKA,Sri Lanka,S. Asia,LMIC,1765607.2966264249,1368698.7763448043,410.15,10962.302583294148,42642.57371423592,40671.70535835167,10962.302583294148,89324.50587793744,10104.692456120789,40671.70535835167,10962.302583294148,18627.99034605279,5481.151291647074,410609.6329034414,885754.0487301671,885754.0487301671,885754.0487301671,442877.02436508355,887724.9170860513,924302.1567936321,867126.0583841143,853486.6572685249,AD-bio-CNG,924302.1567936321
AGO,Angola,Sub-Saharan Africa,LMIC,4191612.6822622544,,172.16,,,,,,,,,,,,,,,,,,,,,
BEN,Benin,Sub-Saharan Africa,LMIC,778299.6964189151,583724.7723141863,595.96,7004.697267770235,26425.185820443297,17345.731844179438,7004.697267770235,38095.25350415074,6261.779075550526,17345.731844179438,7004.697267770235,7944.494151196076,3502.3486338851176,175117.43169425588,565979.539235835,565979.539235835,565979.539235835,282989.7696179175,575058.9932120988,580467.2818202558,558035.0450846389,458107.2013121734,AD-bio-CNG,580467.2818202558
BWA,Botswana,Sub-Saharan Africa,UMIC,34310.607284033744,34097.619562368985,847.66,376.6654799869352,2195.525900079995,1013.231223867532,376.6654799869352,2225.290963696466,520.2573875682784,1013.231223867532,376.6654799869352,464.06860224384184,188.33273999346756,10229.285868710696,30434.570782944364,30434.570782944364,30434.570782944364,15217.285391472178,31616.865459156827,31126.373135205016,29970.50218070052,25446.571260182875,AD-electricity,31616.865459156827
BFA,Burkina Faso,Sub-Saharan Africa,LIC,132221.1620043677,117676.83418388726,568.05,1078.9246819556406,5077.738770583602,3496.83773387472,1078.9246819556406,7679.867366307673,1203.2338618468289,3496.83773387472,1078.9246819556406,1601.5817132427055,539.4623409778203,35303.05025516618,87177.11430201576,87177.11430201576,87177.11430201576,43588.55715100788,88758.01533872464,90156.91007260188,85575.53258877306,78891.60740617407,AD-bio-CNG,90156.91007260188
BDI,Burundi,Sub-Saharan Africa,LIC,213598.87860744793,,230.77,,,,,,,,,,,,,,,,,,,,,
CPV,Cabo Verde,Sub-Saharan Africa,LMIC,31360.616952048054,31235.174484239866,480.0,269.0740934485722,1138.8800560544023,928.1719509038784,269.0740934485722,2038.481055902551,269.8719075438325,928.1719509038784,269.0740934485722,425.1107247305046,134.5370467242861,9370.55234527196,21741.186750644636,21741.186750644636,21741.186750644636,10870.593375322318,21951.894855795163,22581.623948099477,21316.07602591413,20241.14572059428,AD-bio-CNG,22581.623948099477
CMR,Cameroon,Sub-Saharan Africa,LMIC,5004000.000000001,,280.98,,,,,,,,,,,,,,,,,,,,,
CAF,Central African Republic,Sub-Saharan Africa,LIC,0.0,,0.0,,,,,,,,,,,,,,,,,,,,,
TCD,Chad,Sub-Saharan Africa,LIC,715874.1867518951,,615.39,,,,,,,,,,,,,,,,,,,,,
COM,Comoros,Sub-Saharan Africa,LMIC,53889.45013919919,,642.86,,,,,,,,,,,,,,,,,,,,,
COD,"Congo, Dem. Rep.",Sub-Saharan Africa,LIC,0.0,0.0,26.78,,0.0,0.0,,0.0,0.0,0.0,,0.0,,,,,,,,,,,,
COG,"Congo, Rep.",Sub-Saharan Africa,LMIC,0.0,0.0,707.07,,0.0,0.0,,0.0,0.0,0.0,,0.0,,,,,,,,,,,,
CIV,Côte d’Ivoire,Sub-Saharan Africa,LMIC,0.0,,413.16,,,,,,,,,,,,,,,,,,,,,
GNQ,Equatorial Guinea,Sub-Saharan Africa,UMIC,0.0,,602.65,,,,,,,,,,,,,,,,,,,,,
ERI,Eritrea,Sub-Saharan Africa,LIC,0.0,,590.91,,,,,,,,,,,,,,,,,,,,,
SWZ,Eswatini,Sub-Saharan Africa,LMIC,141043.57934619678,99568.63251767145,127.27,1194.823590212057,962.5901219394548,2958.741656442118,1194.823590212057,6498.083474827605,228.0977974894328,2958.741656442118,1194.823590212057,1355.1290885655085,597.4117951060284,29870.58975530143,96541.7460891342,96541.7460891342,96541.7460891342,48270.873044567095,94545.59455463155,99852.99011003027,95186.6170005687,78141.46279986852,AD-bio-CNG,99852.99011003027
ETH,Ethiopia,Sub-Saharan Africa,LIC,3455421.1343153585,3260690.3165243687,23.55,30835.27307593556,5833.0174973919065,96893.36916971151,30835.27307593556,212800.3300494953,1382.20662517468,96893.36916971151,30835.27307593556,44377.99520789666,15417.636537967775,978207.0949573104,2491490.064535593,2491490.064535593,2491490.064535593,1245745.032267796,2400429.7128632735,2606014.818790202,2447112.0693276967,2223952.1272251066,AD-bio-CNG,2606014.818790202
GAB,Gabon,Sub-Saharan Africa,UMIC,0.0,0.0,429.47,,0.0,0.0,,0.0,0.0,0.0,,0.0,,,,,,,,,,,,
GMB,"Gambia, The",Sub-Saharan Africa,LIC,0.0,0.0,666.67,,0.0,0.0,,0.0,0.0,0.0,,0.0,,,,,,,,,,,,
GHA,Ghana,Sub-Saharan Africa,LMIC,0.0,,469.42,,,,,,,,,,,,,,,,,,,,,
GIN,Guinea,Sub-Saharan Africa,LMIC,909551.5596418828,864073.9816597886,185.0,10368.887779917462,12142.70573757922,25676.476809409614,10368.887779917462,56391.50322020788,2877.3663589270964,25676.476809409614,10368.887779917462,11760.046890389724,5184.443889958731,259222.1944979366,837806.132617331,837806.132617331,837806.132617331,418903.0663086655,824272.3615455007,865643.7926692022,826046.0857269412,678125.2608066021,AD-bio-CNG,865643.7926692022
GNB,Guinea-Bissau,Sub-Saharan Africa,LIC,0.0,,625.0,,,,,,,,,,,,,,,,,,,,,
KEN,Kenya,Sub-Saharan Africa,LMIC,2114475.575000574,2114462.5835842025,109.57,22687.321232529695,17598.857718201834,62832.52434875473,22687.321232529695,137994.80845627983,4170.26997509978,62832.52434875473,22687.321232529695,28777.835762580995,11343.660616264848,634338.7750752608,1833135.5555883993,1833135.5555883993,1833135.5555883993,916567.7777941996,1787901.8889578464,1904127.5697208247,1804357.7198258182,1550906.5528694605,AD-bio-CNG,1904127.5697208247
LSO,Lesotho,Sub-Saharan Africa,LMIC,0.0,,20.83,,,,,,,,,,,,,,,,,,,,,
LBR,Liberia,Sub-Saharan Africa,LIC,0.0,0.0,435.9,,0.0,0.0,,0.0,0.0,0.0,,0.0,,,,,,,,,,,,
MDG,Madagascar,Sub-Saharan Africa,LIC,1657322.569750219,,477.27,,,,,,,,,,,,,,,,,,,,,
MWI,Malawi,Sub-Saharan Africa,LIC,2804887.8073576377,1963421.4651503465,54.65,23561.05758180415,8150.730148503763,58344.24688982164,23561.05758180415,128137.50931600768,1931.417695268396,58344.24688982164,23561.05758180415,26722.166140696216,11780.528790902075,589026.4395451039,1903733.4526097754,1903733.4526097754,1903733.4526097754,951866.7263048877,1853539.9358684574,1971595.297340693,1877011.286469079,1540893.1658499916,AD-bio-CNG,1971595.297340693
MLI,Mali,Sub-Saharan Africa,LIC,299098.23514080176,,391.71,,,,,,,,,,,,,,,,,,,,,
MRT,Mauritania,Sub-Saharan Africa,LMIC,0.0,0.0,481.71,,0.0,0.0,,0.0,0.0,0.0,,0.0,,,,,,,,,,,,
MUS,Mauritius,Sub-Saharan Africa,UMIC,227511.84,218411.3664,615.39,3203.3667072,10209.829382195245,6490.224799395841,3203.3667072,14254.040201531016,2419.347073840128,6490.224799395841,3203.3667072,2972.578696704,533.8944511999999,21841.13664,258832.02994175997,258832.02994175997,258832.02994175997,43138.671656959996,262551.63452455937,264176.498270055,255859.45124505597,64979.80829695999,AD-bio-CNG,264176.498270055
MOZ,Mozambique,Sub-Saharan Africa,LIC,2398467.2689758968,2362490.2599412585,127.81,18899.922079530068,22936.527894065333,70202.81556831047,18899.922079530068,154181.67880171354,5435.097842215661,70202.81556831047,18899.922079530068,32153.49243780053,9449.961039765034,708747.0779823776,1527113.7040260294,1527113.7040260294,1527113.7040260294,763556.8520130147,1479847.4163517843,1605657.469417217,1494960.2115882288,1472303.9299953924,AD-bio-CNG,1605657.469417217
NAM,Namibia,Sub-Saharan Africa,UMIC,0.0,,45.46,,,,,,,,,,,,,,,,,,,,,
NER,Niger,Sub-Saharan Africa,LIC,1206736.0366341062,,683.54,,,,,,,,,,,,,,,,,,,,,
NGA,Nigeria,Sub-Saharan Africa,LMIC,22768015.511437755,,497.37,,,,,,,,,,,,,,,,,,,,,
RWA,Rwanda,Sub-Saharan Africa,LIC,0.0,,288.46,,,,,,,,,,,,,,,,,,,,,
SEN,Senegal,Sub-Saharan Africa,LMIC,372753.5093200422,355234.09438200033,550.28,3685.786700156578,14848.794063259871,10555.99425501777,3685.786700156578,23183.41369195105,3518.607914217489,10555.99425501777,3685.786700156578,4834.736024539025,1842.893350078288,106570.22831460008,297811.5653726515,297811.5653726515,297811.5653726515,148905.78268632566,302104.36518089357,306920.3768953672,292976.82934811246,255476.01100092573,AD-bio-CNG,306920.3768953672
SYC,Seychelles,Sub-Saharan Africa,HIC,20534.306774560144,19651.331583254057,564.52,287.9731182064315,842.6828018227601,583.9511087953443,287.9731182064315,1282.4921844420985,199.6842546968145,583.9511087953443,287.9731182064315,267.45462284808775,143.98655910321574,5895.399474976218,23268.22795107966,23268.22795107966,23268.22795107966,11634.11397553983,23526.95964410708,23767.0847720296,23000.773328231575,17529.51345051605,AD-bio-CNG,23767.0847720296
SLE,Sierra Leone,Sub-Saharan Africa,LIC,0.0,,50.0,,,,,,,,,,,,,,,,,,,,,
SOM,"Somalia, Fed. Rep.",Sub-Saharan Africa,LIC,0.0,,523.81,,,,,,,,,,,,,,,,,,,,,
ZAF,South Africa,Sub-Saharan Africa,UMIC,2376400.7906457195,2177258.404389608,729.02,23142.341459624276,120570.82500960656,64698.53984147985,23142.341459624276,142093.0116267555,28570.76859542602,64698.53984147985,23142.341459624276,29632.486883742567,11571.170729812138,653177.5213168825,1869901.1899376414,1869901.1899376414,1869901.1899376414,934950.5949688207,1925773.475105768,1918724.893127491,1840268.7030538989,1588128.1162857031,AD-electricity,1925773.475105768
SSD,South Sudan,Sub-Saharan Africa,LIC,0.0,,647.06,,,,,,,,,,,,,,,,,,,,,
SDN,Sudan,Sub-Saharan Africa,LIC,3000527.897391508,2822296.5402864525,204.41,25826.143718428182,43822.54499447033,83866.23507253612,25826.143718428182,184189.71965135325,10384.301444399169,83866.23507253612,25826.143718428182,38411.45591329862,12913.07185921409,846688.9620859356,2086752.4124489971,2086752.4124489971,2086752.4124489971,1043376.2062244983,2046708.7223709312,2176691.595583415,2048340.9565356986,1890065.168310434,AD-bio-CNG,2176691.595583415
STP,São Tomé and Príncipe,Sub-Saharan Africa,LMIC,14552.536892105829,,555.56,,,,,,,,,,,,,,,,,,,,,
TZA,Tanzania,Sub-Saharan Africa,LMIC,5716757.1726391325,5288000.384691197,349.27,42304.0030775296,140296.09280985955,157136.10423132978,42304.0030775296,345107.36007693334,33244.91809849971,157136.10423132978,42304.0030775296,71969.68523564721,21152.0015387648,1586400.115407359,3418163.448664392,3418163.448664392,3418163.448664392,1709081.724332196,3401323.437242922,3572889.786411496,3346193.763428745,3295481.839739555,AD-bio-CNG,3572889.786411496
TGO,Togo,Sub-Saharan Africa,LIC,133051.11443360322,,477.78,,,,,,,,,,,,,,,,,,,,,
UGA,Uganda,Sub-Saharan Africa,LIC,8549010.838719517,,57.39,,,,,,,,,,,,,,,,,,,,,
ZMB,Zambia,Sub-Saharan Africa,LMIC,2219893.92486,2086700.2893684,111.97,25040.403472420803,17748.210398767515,62007.55111875563,25040.403472420803,136182.97574646544,4205.660965210436,62007.55111875563,25040.403472420803,28399.990938303927,12520.201736210402,626010.08681052,2023264.6005716007,2023264.6005716007,2023264.6005716007,1011632.3002858004,1979005.2598516126,2093234.3642341,1994864.6096332967,1637642.3870963203,AD-bio-CNG,2093234.3642341
ZWE,Zimbabwe,Sub-Saharan Africa,LMIC,1191129.0248191382,,297.54,,,,,,,,,,,,,,,,,,,,,
iso3c,country_name,region_id,income_id_2022,,,,,,,,,,,,,,,,,,,,,,,,
