iso3,country,region,income_2022,ofmsw_food_green_2022_tpy,ofmsw_food_green_2022_to_landfill_dump_uncollected_tpy,electricity_carbon_intensity_2022_gco2_kwh,ad_screen_net_gwp100_benefit_tco2e,ad_screen_avoided_grid_tco2e,ad_screen_grid_credit_share,compost_screen_net_gwp100_benefit_tco2e,ad_minus_compost_tco2e,best_screening_pathway
ASM,American Samoa,E. Asia & Pacific,HIC,3328.1634816019227,,611.11,,,,,,
AUS,Australia,E. Asia & Pacific,HIC,10426256.10884469,6031474.910616664,577.86,4166899.067111667,509211.23663413344,0.1222038807354887,3657687.830477533,509211.23663413385,AD
BRN,Brunei Darussalam,E. Asia & Pacific,HIC,130353.66129607394,115623.6975696176,892.86,53314.07375152559,15082.802368579602,0.2829047061545922,38231.27138294599,15082.8023685796,AD
KHM,Cambodia,E. Asia & Pacific,LMIC,2842464.2607145016,2558217.8346430515,300.0,744546.9751216803,112127.1017553108,0.1505977534016386,632419.8733663695,112127.10175531078,AD
CHN,China,E. Asia & Pacific,UMIC,298046216.64775175,55913470.24311823,586.75,33599795.13671648,4793153.808134369,0.1426542569271979,28806641.32858211,4793153.808134366,AD
FJI,Fiji,E. Asia & Pacific,UMIC,68160.0755843835,64445.351465034575,280.37,22155.16523907797,2639.823908436202,0.1191516235581939,19515.341330641768,2639.823908436203,AD
PYF,French Polynesia,E. Asia & Pacific,HIC,40318.735022322566,24594.428363616764,436.62,6340.699846201988,1568.888855093063,0.2474314970188678,4771.810991108925,1568.8888550930633,AD
GUM,Guam,E. Asia & Pacific,HIC,39809.91978435249,,611.11,,,,,,
HKG,"Hong Kong SAR, China",E. Asia & Pacific,HIC,1358875.0000000023,924035.0000000016,682.27,574399.8134513681,92107.82275136744,0.1603548967015216,482291.9907000007,92107.8227513674,AD
IDN,Indonesia,E. Asia & Pacific,UMIC,21263286.339401923,18718301.864652433,675.81,7415157.758660124,1848174.1016347336,0.2492427217042362,5566983.65702539,1848174.1016347334,AD
JPN,Japan,E. Asia & Pacific,HIC,11417351.999999996,97335.11159574732,519.6,57490.08984336616,7389.082120629259,0.1285279278700221,50101.0077227369,7389.08212062926,AD
KIR,Kiribati,E. Asia & Pacific,LMIC,9849.77293722219,9824.738110436265,500.0,3189.899133680137,717.6997692887219,0.2249913678181801,2472.199364391415,717.6997692887217,AD
KOR,"Korea, Rep.",E. Asia & Pacific,HIC,5585735.843616004,571299.3494711564,438.06,333879.22419547074,36563.61674369162,0.1095115062394098,297315.6074517791,36563.616743691615,AD
LAO,Lao PDR,E. Asia & Pacific,LMIC,0.0,0.0,237.27,,0.0,,,,
MAC,"Macao SAR, China",E. Asia & Pacific,HIC,168354.8048,,448.98,,,,,,
MYS,Malaysia,E. Asia & Pacific,UMIC,7380789.894609797,7357864.426734786,604.04,3116592.104519937,649335.7288449229,0.2083479990542243,2467256.375675014,649335.728844923,AD
MHL,Marshall Islands,E. Asia & Pacific,UMIC,1657.69448161507,930.0003039742292,,,,,250.4209034387245,,AD
FSM,"Micronesia, Fed. Sts.",E. Asia & Pacific,LMIC,4883.7,4883.7,,,,,1136.216637456,,AD
MNG,Mongolia,E. Asia & Pacific,LMIC,485545.5847412329,442659.0012546843,814.19,175676.8098139225,52655.88100664098,0.2997315414733127,123020.92880728154,52655.881006640964,AD
MMR,Myanmar,E. Asia & Pacific,LMIC,4690239.621902682,4174313.263493387,563.87,1820275.6643655696,343887.06981134816,0.1889203248405812,1476388.5945542215,343887.0698113481,AD
NRU,Nauru,E. Asia & Pacific,HIC,75.25735075162699,75.25735075162699,750.0,29.88946564870283,8.246354660743936,0.2758950179191918,21.643110987958895,8.246354660743936,AD
NCL,New Caledonia,E. Asia & Pacific,HIC,0.0,,566.34,,,,,,
NZL,New Zealand,E. Asia & Pacific,HIC,531191.75,482322.109,103.12,173744.81174124405,7266.610698216078,0.0418234687147847,166478.20104302798,7266.610698216071,AD
MNP,Northern Mariana Islands,E. Asia & Pacific,HIC,4535.104574473975,4532.459611956062,,,,,1372.5194196925345,,AD
PLW,Palau,E. Asia & Pacific,UMIC,6283.763119860084,5768.494544031557,,,,,1708.7452666034792,,AD
PNG,Papua New Guinea,E. Asia & Pacific,LMIC,667707.2011297392,667707.2011297392,529.41,190151.07670207825,51645.206727442746,0.2716009166141013,138505.8699746355,51645.20672744274,AD
PHL,Philippines,E. Asia & Pacific,LMIC,9122960.672342671,9122960.672342671,602.51,3118823.468791469,803067.1881347888,0.2574904274546754,2315756.28065668,803067.188134789,AD
WSM,Samoa,E. Asia & Pacific,LMIC,12866.873209760346,12068.149188391262,375.0,3588.613907459878,661.1861652869302,0.1842455561776876,2927.427742172948,661.1861652869302,AD
SGP,Singapore,E. Asia & Pacific,HIC,250329.80665393485,12516.490332696743,504.22,6462.168318348348,922.0499657318558,0.1426843004249571,5540.118352616492,922.049965731856,AD
SLB,Solomon Islands,E. Asia & Pacific,LMIC,142953.1341237937,142953.13412379374,636.36,58063.72881491351,13290.71588452068,0.228898766162379,44773.01293039283,13290.71588452068,AD
TWN,"Taiwan, China",E. Asia & Pacific,HIC,2475615.222649922,52781.5718598915,639.23,29945.3992659228,4929.36852986744,0.1646118819820496,25016.030736055363,4929.368529867435,AD
THA,Thailand,E. Asia & Pacific,UMIC,17370307.23023531,11241714.788725393,560.29,3816738.971516898,920231.8355999072,0.2411042102871857,2896507.1359169907,920231.8355999072,AD
TLS,Timor-Leste,E. Asia & Pacific,LMIC,118023.35579841454,118023.35579841454,666.67,47235.4073858686,11495.57478299272,0.2433677493047693,35739.83260287588,11495.57478299272,AD
TON,Tonga,E. Asia & Pacific,UMIC,3691.0085231525054,3355.1267475456275,625.0,1542.9946251648207,306.36614248399945,0.1985529550702575,1236.6284826808212,306.3661424839995,AD
TUV,Tuvalu,E. Asia & Pacific,UMIC,625.1651327389554,585.9638611742942,,,,,149.72994633041074,,AD
VUT,Vanuatu,E. Asia & Pacific,LMIC,14952.672477129294,14701.600760859512,500.0,3926.360481106572,1073.9559014846086,0.2735245290523946,2852.404579621963,1073.955901484609,AD
VNM,Viet Nam,E. Asia & Pacific,LMIC,11589491.802357044,8373407.827202965,415.41,3106877.9224806735,508195.7288422497,0.1635711931791909,2598682.193638424,508195.7288422496,AD
ALB,Albania,Eur. & Cent. Asia,UMIC,446211.746173967,350707.7656085401,24.39,103416.45280300532,1249.709302032286,0.0120842406421811,102166.74350097304,1249.709302032279,AD
AND,Andorra,Eur. & Cent. Asia,HIC,8226.856689609853,205.6714172402463,,,,,62.281418568691386,,AD
ARM,Armenia,Eur. & Cent. Asia,UMIC,298311.3840000001,297714.7612320001,240.89,82860.0601858362,10477.820633017933,0.1264520036495094,72382.23955281827,10477.820633017938,AD
AUT,Austria,Eur. & Cent. Asia,HIC,0.0,0.0,140.84,,0.0,,,,
AZE,Azerbaijan,Eur. & Cent. Asia,UMIC,1797294.9113208172,1532086.0742063175,671.39,551654.6843772933,150282.9990186819,0.2724222294755297,401371.6853586114,150282.99901868193,AD
BLR,Belarus,Eur. & Cent. Asia,UMIC,0.0,0.0,439.22,,0.0,,,,
BEL,Belgium,Eur. & Cent. Asia,HIC,3098766.7395,35626.93037795307,139.4,12962.248952497152,725.5928567026627,0.0559773893682915,12236.656095794491,725.5928567026604,AD
BIH,Bosnia and Herzegovina,Eur. & Cent. Asia,UMIC,0.0,0.0,683.18,,0.0,,,,
BGR,Bulgaria,Eur. & Cent. Asia,UMIC,772338.0725474465,502343.4529608504,476.33,218254.6549756551,34959.12073724955,0.1601758310316405,183295.5342384056,34959.1207372495,AD
CHI,Channel Islands,Eur. & Cent. Asia,HIC,0.0,0.0,,,,,,,
HRV,Croatia,Eur. & Cent. Asia,HIC,682974.6546000001,412614.4708300344,244.68,225287.3843995921,14750.092593520048,0.0654723416174863,210537.29180607203,14750.092593520065,AD
CYP,Cyprus,Eur. & Cent. Asia,HIC,255927.768,211961.35300637237,555.13,81377.218471783,17191.08155439331,0.2112517714076723,64186.13691738968,17191.081554393313,AD
CZE,Czech Republic,Eur. & Cent. Asia,HIC,2189387.1870031357,994947.2555614308,488.36,588779.5986241357,70989.14788485589,0.1205699858669421,517790.45073927986,70989.14788485586,AD
DNK,Denmark,Eur. & Cent. Asia,HIC,2159383.0468753106,23497.616987983583,203.64,15087.59918500407,699.0990767262822,0.0463360053613522,14388.500108277787,699.0990767262829,AD
EST,Estonia,Eur. & Cent. Asia,HIC,158400.0,23545.945945946,487.7,8807.908126960698,1677.7247756093327,0.1904793682479357,7130.183351351367,1677.7247756093311,AD
FRO,Faroe Islands,Eur. & Cent. Asia,HIC,0.0,0.0,354.17,,0.0,,,,
FIN,Finland,Eur. & Cent. Asia,HIC,931515.11756096,3416.6539312357486,129.97,1880.0666098536165,64.87777250238614,0.0345082308054168,1815.1888373512304,64.87777250238605,AD
FRA,France,Eur. & Cent. Asia,HIC,9266871.022858456,2360639.575155856,78.55,1280647.9706654612,27091.16570586606,0.0211542643461877,1253556.8049595952,27091.165705865948,AD
GEO,Georgia,Eur. & Cent. Asia,UMIC,553306.6156381388,553306.6156381388,167.02,226661.2761016613,13501.628743709094,0.05956742579025,213159.6473579522,13501.628743709094,AD
DEU,Germany,Eur. & Cent. Asia,HIC,17636664.102796208,245569.7611447904,419.74,142858.7941766592,15059.3790816874,0.1054144350614143,127799.41509497182,15059.37908168738,AD
GIB,Gibraltar,Eur. & Cent. Asia,HIC,4646.384595128288,,571.43,,,,,,
GRC,Greece,Eur. & Cent. Asia,HIC,2329954.4460773286,1810374.6046020845,376.81,647882.6417289329,99665.00396332958,0.1538318787139667,548217.6377656033,99665.0039633296,AD
GRL,Greenland,Eur. & Cent. Asia,HIC,0.0,0.0,111.11,,0.0,,,,
HUN,Hungary,Eur. & Cent. Asia,HIC,724708.2999999999,366137.127326,228.9,202789.59301131745,12244.509208320562,0.0603803628504605,190545.0838029969,12244.509208320553,AD
ISL,Iceland,Eur. & Cent. Asia,HIC,0.0,0.0,27.68,,0.0,,,,
IRL,Ireland,Eur. & Cent. Asia,HIC,972147.9833193755,162543.1428109996,331.16,104229.72428558268,7864.268747185498,0.0754513052882871,96365.45553839716,7864.268747185517,AD
IMN,Isle of Man,Eur. & Cent. Asia,HIC,0.0,0.0,,,,,,,
ITA,Italy,Eur. & Cent. Asia,HIC,10080804.57,2231202.563042074,377.84,1096645.633203582,123168.24475056856,0.1123136234909016,973477.3884530136,123168.2447505683,AD
KAZ,Kazakhstan,Eur. & Cent. Asia,UMIC,1205519.0515353277,1071465.7267506146,831.01,454548.9867396106,130087.7353649896,0.286190793863788,324461.251374621,130087.73536498961,AD
XKX,Kosovo,Eur. & Cent. Asia,UMIC,210420.00000000003,204960.0000000001,945.01,90364.09106578396,28298.10386578396,0.3131565152930413,62065.9872,28298.103865783953,AD
KGZ,Kyrgyz Republic,Eur. & Cent. Asia,LMIC,634065.9502176,634065.9502176,146.89,169052.5764604837,13607.504368937782,0.0804927357739416,155445.0720915459,13607.504368937778,AD
LVA,Latvia,Eur. & Cent. Asia,HIC,288354.93693484546,151469.20250485567,135.19,81747.1989861111,2991.7184970134376,0.0365971988535256,78755.48048909767,2991.7184970134404,AD
LIE,Liechtenstein,Eur. & Cent. Asia,HIC,10502.1336,,,,,,,,
LTU,Lithuania,Eur. & Cent. Asia,HIC,458579.4000000001,62550.23016000001,180.69,21499.592520530612,1651.2576766634104,0.0768041382685078,19848.3348438672,1651.257676663412,AD
LUX,Luxembourg,Eur. & Cent. Asia,HIC,147067.63397839235,,140.5,,,,,,
MDA,Moldova,Eur. & Cent. Asia,UMIC,432587.3863270952,406199.5557611424,647.28,145937.665733215,38413.46221220809,0.2632182858291757,107524.2035210069,38413.46221220809,AD
MCO,Monaco,Eur. & Cent. Asia,HIC,0.0,,,,,,,,
MNE,Montenegro,Eur. & Cent. Asia,UMIC,124907.6642607033,119652.80069702394,483.38,46468.621701863995,8450.129518649603,0.1818459254691137,38018.492183214395,8450.129518649599,AD
NLD,Netherlands,Eur. & Cent. Asia,HIC,2837429.9999999995,40001.99999999995,325.61,23426.91985051761,1902.967010517632,0.081229927906019,21523.952839999976,1902.9670105176338,AD
MKD,North Macedonia,Eur. & Cent. Asia,UMIC,395506.4947055508,394319.97522143414,624.58,141189.98906107762,35982.27935043104,0.2548500753468109,105207.7097106466,35982.279350431025,AD
NOR,Norway,Eur. & Cent. Asia,HIC,1349068.6536326169,48362.71420357193,29.64,27964.031350762645,209.43086442419715,0.0074892944367438,27754.600486338448,209.43086442419735,AD
POL,Poland,Eur. & Cent. Asia,HIC,4608423.59589,1755809.3900340905,732.48,1150998.1741168662,187899.21165409393,0.163248922439225,963098.962462772,187899.21165409416,AD
PRT,Portugal,Eur. & Cent. Asia,HIC,2160428.335104,1274652.7177113595,225.34,708107.6649699449,41964.49352852719,0.0592628714593964,666143.1714414177,41964.49352852721,AD
ROU,Romania,Eur. & Cent. Asia,HIC,3243655.8,2569672.824689526,297.77,889940.2903886372,111791.96561615488,0.1256173777314153,778148.3247724824,111791.96561615483,AD
RUS,Russian Federation,Eur. & Cent. Asia,UMIC,18346960.000000004,16686239.999999998,436.33,7846636.851280214,1063715.2352802143,0.135563204394589,6782921.616,1063715.2352802139,AD
SMR,San Marino,Eur. & Cent. Asia,HIC,0.0,,,,,,,,
SRB,Serbia,Eur. & Cent. Asia,UMIC,1163047.0458371218,944856.5210031325,710.68,384226.595358619,98105.14366845052,0.2553314758882939,286121.45169016847,98105.14366845053,AD
SVK,Slovak Republic,Eur. & Cent. Asia,HIC,1493779.1611913927,587505.7130312454,142.05,190101.3277987865,12192.847778664756,0.0641386776191817,177908.48002012173,12192.847778664756,AD
SVN,Slovenia,Eur. & Cent. Asia,HIC,239576.67990000025,60910.83052865346,257.49,22479.37689541871,2291.430598681218,0.1019347915799307,20187.946296737497,2291.430598681214,AD
ESP,Spain,Eur. & Cent. Asia,HIC,13999408.33484953,6920858.883168927,217.13,2960743.104960896,219549.09239787047,0.0741533745464114,2741194.0125630256,219549.0923978705,AD
SWE,Sweden,Eur. & Cent. Asia,HIC,1568254.1966426868,25092.06714628299,41.03,7748.794298631352,150.4145253939368,0.0194113457651733,7598.379773237415,150.41452539393686,AD
CHE,Switzerland,Eur. & Cent. Asia,HIC,2438533.795956426,,37.27,,,,,,
TJK,Tajikistan,Eur. & Cent. Asia,LMIC,0.0,0.0,86.55,,0.0,,,,
TKM,Turkmenistan,Eur. & Cent. Asia,UMIC,139158.52244920068,137766.93722470867,1306.14,53019.297012329465,26289.75585199149,0.4958525920454564,26729.541160337976,26289.75585199149,AD
TUR,Türkiye,Eur. & Cent. Asia,UMIC,16819598.6378,14745785.01403083,487.93,5516498.97959215,1051180.3616433337,0.1905520812261711,4465318.617948815,1051180.3616433349,AD
UKR,Ukraine,Eur. & Cent. Asia,LMIC,4911021.645978112,4544056.5470411,250.47,1987767.795005065,166284.30616619537,0.0836537882261905,1821483.4888388696,166284.3061661953,AD
GBR,United Kingdom,Eur. & Cent. Asia,HIC,11979505.89497371,1103312.4929270786,254.98,430265.00536887185,41101.386480320085,0.0955257480098418,389163.6188885518,41101.38648032007,AD
UZB,Uzbekistan,Eur. & Cent. Asia,LMIC,2794904.605,2649569.56554,1121.35,1280955.171062777,434078.5579667844,0.338870998589779,846876.6130959927,434078.55796678434,AD
ATG,Antigua and Barbuda,L. Amer. & the Caribbean,HIC,8473.042753654441,8473.042753654441,611.11,3313.0910548241054,756.502918678444,0.2283374969658379,2556.5881361456613,756.5029186784441,AD
ARG,Argentina,L. Amer. & the Caribbean,UMIC,7546484.5,7546484.5,392.69,4034369.74253424,432958.5754815736,0.1073175249449509,3601411.167052666,432958.5754815736,AD
ABW,Aruba,L. Amer. & the Caribbean,HIC,0.0,0.0,550.0,,0.0,,,,
BHS,"Bahamas, The",L. Amer. & the Caribbean,HIC,0.0,0.0,653.66,,0.0,,,,
BRB,Barbados,L. Amer. & the Caribbean,HIC,130012.8656508359,124552.3252935008,605.51,58674.0565492919,11018.563516511029,0.1877927684658102,47655.49303278087,11018.563516511029,AD
BLZ,Belize,L. Amer. & the Caribbean,UMIC,45525.40345874397,45525.40345874397,170.21,9964.954170349003,1132.1153912834982,0.1136096937256509,8832.838779065507,1132.1153912834961,AD
BOL,Bolivia,L. Amer. & the Caribbean,LMIC,1799294.875,1744596.3108,485.86,791991.0803330067,123839.13654999073,0.1563643071559851,668151.943783016,123839.13654999074,AD
BRA,Brazil,L. Amer. & the Caribbean,UMIC,37060612.217999995,36455168.41113391,103.39,16651996.318660218,550667.5233469219,0.0330691595655617,16101328.795313297,550667.5233469214,AD
VGB,British Virgin Islands,L. Amer. & the Caribbean,HIC,18294.716441987115,3611.377025648256,647.06,1042.083841275887,341.4044707596124,0.327617085340859,700.6793705162746,341.4044707596123,AD
CYM,Cayman Islands,L. Amer. & the Caribbean,HIC,0.0,0.0,642.86,,0.0,,,,
CHL,Chile,L. Amer. & the Caribbean,HIC,5003035.722279791,4871690.718998549,372.8,2646986.630104001,265342.8762942747,0.1002433761004109,2381643.7538097263,265342.8762942748,AD
COL,Colombia,L. Amer. & the Caribbean,UMIC,8876117.097379997,7374774.949379996,202.15,3607689.9932315857,217808.25577632707,0.0603733292452951,3389881.7374552586,217808.2557763271,AD
CRI,Costa Rica,L. Amer. & the Caribbean,UMIC,859964.3293770495,777114.5525457509,24.12,227627.39647982555,2738.508952146156,0.0120306650012089,224888.88752767936,2738.5089521461923,AD
CUB,Cuba,L. Amer. & the Caribbean,UMIC,3178327.33587099,2918259.5950309555,640.26,839181.5328740433,272980.8062461375,0.3252941056879888,566200.7266279059,272980.8062461375,AD
CUW,Curaçao,L. Amer. & the Caribbean,HIC,60694.29721937584,37878.140556145896,,,,,14999.154517293144,,AD
DMA,Dominica,L. Amer. & the Caribbean,UMIC,0.0,,600.0,,,,,,
DOM,Dominican Republic,L. Amer. & the Caribbean,UMIC,2652063.601394931,2492939.785311235,580.06,858472.5722974121,211269.3648132672,0.2460991435613092,647203.2074841448,211269.36481326725,AD
ECU,Ecuador,L. Amer. & the Caribbean,UMIC,2973131.079,2952319.161447,181.19,787553.336689682,78153.66517063927,0.0992360282532,709399.6715190427,78153.66517063929,AD
SLV,El Salvador,L. Amer. & the Caribbean,UMIC,617672.8094838249,613596.1689412317,113.12,177160.12677935508,10140.838248017815,0.0572410871022223,167019.28853133725,10140.838248017826,AD
GRD,Grenada,L. Amer. & the Caribbean,UMIC,9214.0,9186.358,666.67,4647.978197482112,894.7590471221123,0.1925050009070219,3753.219150359999,894.7590471221129,AD
GTM,Guatemala,L. Amer. & the Caribbean,UMIC,3769255.923212073,3769255.923212073,191.4,1180372.8094748172,105402.12800790384,0.0892956252142069,1074970.6814669133,105402.12800790393,AD
GUY,Guyana,L. Amer. & the Caribbean,HIC,130373.20831577366,130373.20831577366,648.44,45447.765861194166,12351.223198151862,0.271767444760096,33096.5426630423,12351.223198151863,AD
HTI,Haiti,L. Amer. & the Caribbean,LMIC,1691562.418123816,1691562.418123816,534.65,460329.3693277211,132132.4289633384,0.2870388851276393,328196.9403643827,132132.42896333843,AD
HND,Honduras,L. Amer. & the Caribbean,LMIC,1979177.1515607685,1979177.1515607685,296.56,585333.9825100782,85752.94845181404,0.1465025968321214,499581.0340582642,85752.94845181401,AD
JAM,Jamaica,L. Amer. & the Caribbean,UMIC,696947.8571522365,696947.8571522365,561.25,192370.80026757077,57148.977022893865,0.2970771912546223,135221.8232446769,57148.97702289387,AD
MEX,Mexico,L. Amer. & the Caribbean,UMIC,21421730.874147315,19551613.768834252,464.38,9733993.479421817,1326502.0830342353,0.136275217960494,8407491.39638758,1326502.083034236,AD
NIC,Nicaragua,L. Amer. & the Caribbean,LMIC,0.0,0.0,289.35,,0.0,,,,
PAN,Panama,L. Amer. & the Caribbean,HIC,678010.5753111525,678010.5753111525,168.98,195645.1512831016,16738.771979977955,0.085556794381051,178906.37930312366,16738.77197997793,AD
PRY,Paraguay,L. Amer. & the Caribbean,UMIC,0.0,0.0,24.71,,0.0,,,,
PER,Peru,L. Amer. & the Caribbean,UMIC,5597637.570175758,5499678.912697682,287.81,1965257.208697601,231257.07807288368,0.1176726776777175,1734000.130624717,231257.0780728839,AD
PRI,Puerto Rico,L. Amer. & the Caribbean,HIC,905459.6580748332,778695.3059443566,660.3,261463.38808571728,75120.88119260296,0.2873093695549282,186342.50689311433,75120.88119260294,AD
SXM,Sint Maarten (Dutch),L. Amer. & the Caribbean,HIC,7119.31913737056,6407.387223633505,,,,,1447.691397591432,,AD
KNA,St. Kitts and Nevis,L. Amer. & the Caribbean,HIC,8976.0,,636.36,,,,,,
LCA,St. Lucia,L. Amer. & the Caribbean,UMIC,43303.7825,,650.0,,,,,,
MAF,St. Martin (French),L. Amer. & the Caribbean,HIC,4182.146212026117,,,,,,,,
VCT,St. Vincent and the Grenadines,L. Amer. & the Caribbean,UMIC,9805.068,9802.51468638419,600.0,3827.689107930931,859.2916106000722,0.224493574679205,2968.397497330859,859.2916106000721,AD
SUR,Suriname,L. Amer. & the Caribbean,UMIC,79800.0,75810.0,374.41,18855.57714255761,4146.920942557604,0.2199307351456179,14708.6562,4146.92094255761,AD
TTO,Trinidad and Tobago,L. Amer. & the Caribbean,HIC,255454.9146560755,,682.11,,,,,,
TCA,Turks and Caicos Islands,L. Amer. & the Caribbean,HIC,3875.975217703568,,653.85,,,,,,
URY,Uruguay,L. Amer. & the Caribbean,HIC,512022.4423262926,512020.9919311552,110.36,249437.19829805547,8255.650103877824,0.0330971088522773,241181.54819417765,8255.650103877822,AD
VEN,"Venezuela, RB",L. Amer. & the Caribbean,UMC (2019),4140950.479679504,4140950.479679504,180.43,1264499.688278226,109159.26574987904,0.0863260519253373,1155340.422528347,109159.26574987895,AD
VIR,Virgin Islands (US),L. Amer. & the Caribbean,HIC,16679.19689738615,,632.35,,,,,,
DZA,Algeria,Mid. East & N. Africa,LMIC,7659125.300433826,7046395.276399119,633.65,2552793.189778381,652331.365331616,0.2555363152579734,1900461.824446765,652331.365331616,AD
BHR,Bahrain,Mid. East & N. Africa,HIC,645094.53934854,456221.332493,902.75,198325.00744426367,60172.0635387334,0.3034012922230388,138152.94390553026,60172.063538733404,AD
DJI,Djibouti,Mid. East & N. Africa,LMIC,0.0,0.0,450.0,,0.0,,,,
EGY,"Egypt, Arab Rep.",Mid. East & N. Africa,LMIC,15096331.315863367,12152546.70927001,570.04,3714860.4797194623,1012102.3892820496,0.2724469451295466,2702758.0904374127,1012102.3892820496,AD
IRN,"Iran, Islamic Rep.",Mid. East & N. Africa,LMIC,14734412.942618882,12981017.802447235,655.37,4484508.329719093,1242931.2938895032,0.2771611071948571,3241577.0358295897,1242931.293889503,AD
IRQ,Iraq,Mid. East & N. Africa,UMIC,12461687.004741486,12453870.715142358,688.71,4480472.857686544,1253119.7118828257,0.2796847010763645,3227353.145803718,1253119.711882826,AD
ISR,Israel,Mid. East & N. Africa,HIC,2661537.4599999995,2015975.8800000008,583.32,782286.0676870128,171808.2517054127,0.2196233050824982,610477.8159816001,171808.25170541275,AD
JOR,Jordan,Mid. East & N. Africa,LMIC,1959796.4782118923,1822610.72473706,539.21,602752.9487782633,143583.21683419924,0.2382123839049349,459169.731944064,143583.21683419927,AD
KWT,Kuwait,Mid. East & N. Africa,HIC,1662001.376662524,1662001.376662524,636.89,657936.4394653074,154649.182584362,0.2350518580640441,503287.2568809454,154649.182584362,AD
LBN,Lebanon,Mid. East & N. Africa,LMIC,1457668.7706118536,1457668.7706118536,379.86,455698.9633622482,80897.33838744594,0.1775236392695901,374801.62497480225,80897.33838744595,AD
LBY,Libya,Mid. East & N. Africa,UMIC,2890891.722595346,2890891.722595346,830.53,1015468.7371744242,350783.3487484118,0.345439830796247,664685.3884260124,350783.34874841187,AD
MLT,Malta,Mid. East & N. Africa,HIC,112342.056582,97319.62398370232,500.0,36896.91606079594,7109.2247849512205,0.1926780214703358,29787.69127584472,7109.2247849512205,AD
MAR,Morocco,Mid. East & N. Africa,LMIC,5262285.850885011,4836040.696963325,662.64,2036266.056066088,468187.0694073453,0.2299243107316965,1568078.986658743,468187.069407345,AD
OMN,Oman,Mid. East & N. Africa,HIC,1249413.1112073,619708.9031588208,545.28,311904.0627012742,49369.544923211,0.1582843919878486,262534.5177780632,49369.54492321098,AD
QAT,Qatar,Mid. East & N. Africa,HIC,757087.7446213181,754715.9618651386,596.9,294359.9134311529,65816.82585915166,0.2235930330729133,228543.0875720012,65816.82585915166,AD
SAU,Saudi Arabia,Mid. East & N. Africa,HIC,8677370.581836307,8332555.726510289,700.05,5042768.805405772,852234.4906008944,0.1690013013658908,4190534.314804878,852234.4906008942,AD
SYR,Syrian Arab Republic,Mid. East & N. Africa,LIC,2395863.530646965,2328120.489317922,682.27,720054.2802004665,232067.08552589628,0.3222910993061352,487987.1946745703,232067.08552589623,AD
TUN,Tunisia,Mid. East & N. Africa,LMIC,1863952.9285719893,1696197.1650005102,565.62,611224.1308228847,140169.3018294431,0.2293255366746313,471054.82899344154,140169.3018294432,AD
ARE,United Arab Emirates,Mid. East & N. Africa,HIC,1275486.1147556256,1153671.390621407,558.49,443489.3840241533,94134.61351617886,0.2122590007950497,349354.77050797443,94134.61351617886,AD
PSE,West Bank and Gaza,Mid. East & N. Africa,UMIC,788862.1469550496,767089.5516990903,460.78,251796.60647180947,51640.62710110378,0.2050886539921869,200155.9793707057,51640.627101103775,AD
YEM,"Yemen, Rep.",Mid. East & N. Africa,LIC,3746712.786364822,3746712.786364822,584.16,1118857.202003124,319767.29103792197,0.2857981255029086,799089.9109652019,319767.291037922,AD
BMU,Bermuda,N. Amer.,HIC,17857.000415299935,2446.1644404520457,650.79,973.3307146818912,232.58319882420255,0.2389559841438031,740.7475158576884,232.58319882420278,AD
CAN,Canada,N. Amer.,HIC,9573913.640211128,5987670.607226044,160.6,2031232.6344754256,140493.18613311363,0.0691664675668213,1890739.448342312,140493.1861331137,AD
USA,United States,N. Amer.,HIC,92559872.90698656,45446897.5973304,410.39,29335336.799632207,2724914.1943176743,0.0928884577985086,26610422.605314534,2724914.1943176724,AD
AFG,Afghanistan,S. Asia,LIC,1773343.562656199,1133166.5365373115,125.0,288841.53670386435,20694.530294263877,0.0716466562614954,268147.0064096005,20694.530294263852,AD
BGD,Bangladesh,S. Asia,LMIC,7430088.360427992,5601072.621625495,676.48,2184921.8130252413,553576.9322426023,0.2533623532624813,1631344.8807826384,553576.9322426028,AD
BTN,Bhutan,S. Asia,LMIC,26896.37611026181,20514.71321452968,24.14,5353.72758314663,72.35266554340436,0.0135144466018719,5281.374917603226,72.35266554340433,AD
IND,India,S. Asia,LMIC,94401898.86867614,47295351.33320674,705.75,18726160.898855116,4876645.231591394,0.2604188470841102,13849515.667263718,4876645.231591398,AD
MDV,Maldives,S. Asia,UMIC,141650.4740499853,141650.4740499853,611.77,41048.390995443086,12660.709038906716,0.3084337468991713,28387.68195653636,12660.709038906727,AD
NPL,Nepal,S. Asia,LMIC,1092210.4744194043,1092210.4744194043,23.36,289670.9380327759,3727.6145246371584,0.0128684449670797,285943.3235081387,3727.6145246371743,AD
PAK,Pakistan,S. Asia,LMIC,27625600.0,,,,,,,,
LKA,Sri Lanka,S. Asia,LMIC,1765607.2966264249,1368698.7763448043,410.15,347917.43642621924,82016.72330682895,0.2357361681820213,265900.7131193903,82016.72330682894,AD
AGO,Angola,Sub-Saharan Africa,LMIC,4191612.6822622544,,172.16,,,,,,
BEN,Benin,Sub-Saharan Africa,LMIC,778299.6964189151,583724.7723141863,595.96,227588.4967351251,50824.96118294326,0.2233195522271716,176763.5355521819,50824.961182943225,AD
BWA,Botswana,Sub-Saharan Africa,UMIC,34310.607284033744,34097.619562368985,847.66,13664.0505759746,4222.771389610624,0.3090424297049582,9441.279186363976,4222.771389610623,AD
BFA,Burkina Faso,Sub-Saharan Africa,LIC,132221.1620043677,117676.83418388726,568.05,36338.21584272374,9766.28424358638,0.2687606977143858,26571.93159913736,9766.284243586379,AD
BDI,Burundi,Sub-Saharan Africa,LIC,213598.87860744793,,230.77,,,,,,
CPV,Cabo Verde,Sub-Saharan Africa,LMIC,31360.616952048054,31235.174484239866,480.0,8772.758332654204,2190.468405191416,0.249689815008125,6582.289927462788,2190.4684051914164,AD
CMR,Cameroon,Sub-Saharan Africa,LMIC,5004000.000000001,,280.98,,,,,,
CAF,Central African Republic,Sub-Saharan Africa,LIC,0.0,,0.0,,,,,,
TCD,Chad,Sub-Saharan Africa,LIC,715874.1867518951,,615.39,,,,,,
COM,Comoros,Sub-Saharan Africa,LMIC,53889.45013919919,,642.86,,,,,,
COD,"Congo, Dem. Rep.",Sub-Saharan Africa,LIC,0.0,0.0,26.78,,0.0,,,,
COG,"Congo, Rep.",Sub-Saharan Africa,LMIC,0.0,0.0,707.07,,0.0,,,,
CIV,Côte d’Ivoire,Sub-Saharan Africa,LMIC,0.0,,413.16,,,,,,
GNQ,Equatorial Guinea,Sub-Saharan Africa,UMIC,0.0,,602.65,,,,,,
ERI,Eritrea,Sub-Saharan Africa,LIC,0.0,,590.91,,,,,,
SWZ,Eswatini,Sub-Saharan Africa,LMIC,141043.57934619678,99568.63251767145,127.27,32002.773925475136,1851.4006264738796,0.0578512547313941,30151.373299001258,1851.4006264738782,AD
ETH,Ethiopia,Sub-Saharan Africa,LIC,3455421.1343153585,3260690.3165243687,23.55,773051.3018721438,11218.951870341063,0.0145125580193338,761832.3500018027,11218.951870341087,AD
GAB,Gabon,Sub-Saharan Africa,UMIC,0.0,0.0,429.47,,0.0,,,,
GMB,"Gambia, The",Sub-Saharan Africa,LIC,0.0,0.0,666.67,,0.0,,,,
GHA,Ghana,Sub-Saharan Africa,LMIC,0.0,,469.42,,,,,,
GIN,Guinea,Sub-Saharan Africa,LMIC,909551.5596418828,864073.9816597886,185.0,285013.5929837698,23354.709857552596,0.081942442158829,261658.88312621717,23354.709857552603,AD
GNB,Guinea-Bissau,Sub-Saharan Africa,LIC,0.0,,625.0,,,,,,
KEN,Kenya,Sub-Saharan Africa,LMIC,2114475.575000574,2114462.5835842025,109.57,601084.9260986774,33848.816294785254,0.056312868323749,567236.1098038922,33848.81629478524,AD
LSO,Lesotho,Sub-Saharan Africa,LMIC,0.0,,20.83,,,,,,
LBR,Liberia,Sub-Saharan Africa,LIC,0.0,0.0,435.9,,0.0,,,,
MDG,Madagascar,Sub-Saharan Africa,LIC,1657322.569750219,,477.27,,,,,,
MWI,Malawi,Sub-Saharan Africa,LIC,2804887.8073576377,1963421.4651503465,54.65,610240.0195944494,15676.731517621536,0.0256894517144908,594563.2880768279,15676.731517621549,AD
MLI,Mali,Sub-Saharan Africa,LIC,299098.23514080176,,391.71,,,,,,
MRT,Mauritania,Sub-Saharan Africa,LMIC,0.0,0.0,481.71,,0.0,,,,
MUS,Mauritius,Sub-Saharan Africa,UMIC,227511.84,218411.3664,615.39,101618.54068136,19637.106265232,0.1932433405711567,81981.434416128,19637.106265231996,AD
MOZ,Mozambique,Sub-Saharan Africa,LIC,2398467.2689758968,2362490.2599412585,127.81,502485.40062778606,44115.0403939831,0.0877936758737019,458370.360233803,44115.04039398307,AD
NAM,Namibia,Sub-Saharan Africa,UMIC,0.0,,45.46,,,,,,
NER,Niger,Sub-Saharan Africa,LIC,1206736.0366341062,,683.54,,,,,,
NGA,Nigeria,Sub-Saharan Africa,LMIC,22768015.511437755,,497.37,,,,,,
RWA,Rwanda,Sub-Saharan Africa,LIC,0.0,,288.46,,,,,,
SEN,Senegal,Sub-Saharan Africa,LMIC,372753.5093200422,355234.09438200033,550.28,120436.45133353784,28559.4730348065,0.2371331330222743,91876.97829873134,28559.473034806506,AD
SYC,Seychelles,Sub-Saharan Africa,HIC,20534.306774560144,19651.331583254057,564.52,8990.266935640344,1620.776519158538,0.1802812453469265,7369.490416481805,1620.7765191585386,AD
SLE,Sierra Leone,Sub-Saharan Africa,LIC,0.0,,50.0,,,,,,
SOM,"Somalia, Fed. Rep.",Sub-Saharan Africa,LIC,0.0,,523.81,,,,,,
ZAF,South Africa,Sub-Saharan Africa,UMIC,2376400.7906457195,2177258.404389608,729.02,810032.1959869853,231900.2614607119,0.2862852397837749,578131.9345262734,231900.26146071195,AD
SSD,South Sudan,Sub-Saharan Africa,LIC,0.0,,647.06,,,,,,
SDN,Sudan,Sub-Saharan Africa,LIC,3000527.897391508,2822296.5402864525,204.41,720207.581363794,84286.22464250188,0.1170304601388622,635921.3567212921,84286.22464250191,AD
STP,São Tomé and Príncipe,Sub-Saharan Africa,LMIC,14552.536892105829,,555.56,,,,,,
TZA,Tanzania,Sub-Saharan Africa,LMIC,5716757.1726391325,5288000.384691197,349.27,1295816.7496649546,269838.91502716776,0.2082384836412533,1025977.8346377866,269838.915027168,AD
TGO,Togo,Sub-Saharan Africa,LIC,133051.11443360322,,477.78,,,,,,
UGA,Uganda,Sub-Saharan Africa,LIC,8549010.838719517,,57.39,,,,,,
ZMB,Zambia,Sub-Saharan Africa,LMIC,2219893.92486,2086700.2893684,111.97,666030.6558518417,34136.074225302706,0.0512530075385843,631894.581626539,34136.07422530267,AD
ZWE,Zimbabwe,Sub-Saharan Africa,LMIC,1191129.0248191382,,297.54,,,,,,
iso3c,country_name,region_id,income_id_2022,,,,,,,,,
